{
  "type": "FeatureCollection",
  "features": [
    {
      "type": "Feature",
      "geometry": {
        "type": "Polygon",
        "coordinates": [
          [
            [
              93.77888650842894,
              24.53027258350351
            ],
            [
              93.77888483687609,
              24.53000165889208
            ],
            [
              93.77918098811604,
              24.53000012944532
            ],
            [
              93.7791826603043,
              24.530271054037673
            ],
            [
              93.77888650842894,
              24.53027258350351
            ]
          ]
        ]
      },
      "properties": {
        "region": 1,
        "area_ha": 0.09,
        "longitude": 93.77903374843135,
        "latitude": 24.53013635654354,
        "mean_index_change": 0.10120760649442673,
        "mean_model_score": null,
        "status": "Needs review",
        "note": ""
      }
    },
    {
      "type": "Feature",
      "geometry": {
        "type": "Polygon",
        "coordinates": [
          [
            [
              93.79813632895413,
              24.530171959117038
            ],
            [
              93.79813461610017,
              24.529901035760517
            ],
            [
              93.79843076572807,
              24.529899468529766
            ],
            [
              93.79843247921742,
              24.53017039186674
            ],
            [
              93.79813632895413,
              24.530171959117038
            ]
          ]
        ]
      },
      "properties": {
        "region": 3,
        "area_ha": 0.09,
        "longitude": 93.79828354749995,
        "latitude": 24.530035713892403,
        "mean_index_change": 0.12077780067920685,
        "mean_model_score": null,
        "status": "Needs review",
        "note": ""
      }
    },
    {
      "type": "Feature",
      "geometry": {
        "type": "Polygon",
        "coordinates": [
          [
            [
              93.80850157316901,
              24.530116759488553
            ],
            [
              93.80849983807643,
              24.52984583682045
            ],
            [
              93.80909213553814,
              24.529842661087898
            ],
            [
              93.80909387190151,
              24.530113583716393
            ],
            [
              93.80850157316901,
              24.530116759488553
            ]
          ]
        ]
      },
      "properties": {
        "region": 5,
        "area_ha": 0.18,
        "longitude": 93.8087968546808,
        "latitude": 24.529979710570196,
        "mean_index_change": 0.19649377465248108,
        "mean_model_score": null,
        "status": "Needs review",
        "note": ""
      }
    },
    {
      "type": "Feature",
      "geometry": {
        "type": "Polygon",
        "coordinates": [
          [
            [
              93.77385026205702,
              24.53002757054819
            ],
            [
              93.7738486013305,
              24.529756645603765
            ],
            [
              93.77414475235017,
              24.529755126058056
            ],
            [
              93.7741464137121,
              24.53002605098353
            ],
            [
              93.77385026205702,
              24.53002757054819
            ]
          ]
        ]
      },
      "properties": {
        "region": 7,
        "area_ha": 0.09,
        "longitude": 93.77399750736245,
        "latitude": 24.529891348372278,
        "mean_index_change": 0.11145220696926117,
        "mean_model_score": null,
        "status": "Needs review",
        "note": ""
      }
    },
    {
      "type": "Feature",
      "geometry": {
        "type": "Polygon",
        "coordinates": [
          [
            [
              93.7747387169492,
              24.530023010110302
            ],
            [
              93.77473705431646,
              24.529752085222754
            ],
            [
              93.77503320526307,
              24.529750563933163
            ],
            [
              93.77503486853122,
              24.530021488801736
            ],
            [
              93.7747387169492,
              24.530023010110302
            ]
          ]
        ]
      },
      "properties": {
        "region": 8,
        "area_ha": 0.09,
        "longitude": 93.774885961265,
        "latitude": 24.52988678709088,
        "mean_index_change": 0.10131068527698517,
        "mean_model_score": null,
        "status": "Needs review",
        "note": ""
      }
    },
    {
      "type": "Feature",
      "geometry": {
        "type": "Polygon",
        "coordinates": [
          [
            [
              93.7756271716221,
              24.530018444440703
            ],
            [
              93.77562550708318,
              24.529747519610098
            ],
            [
              93.77592165795663,
              24.529745996576626
            ],
            [
              93.77592332313098,
              24.530016921388242
            ],
            [
              93.7756271716221,
              24.530018444440703
            ]
          ]
        ]
      },
      "properties": {
        "region": 9,
        "area_ha": 0.09,
        "longitude": 93.77577441494822,
        "latitude": 24.529882220577807,
        "mean_index_change": 0.118400439620018,
        "mean_model_score": null,
        "status": "Needs review",
        "note": ""
      }
    },
    {
      "type": "Feature",
      "geometry": {
        "type": "Polygon",
        "coordinates": [
          [
            [
              93.79695172765005,
              24.53017822230529
            ],
            [
              93.79695001733769,
              24.529907298870665
            ],
            [
              93.7966538675844,
              24.529908863194986
            ],
            [
              93.79665215793247,
              24.52963793973101
            ],
            [
              93.79724445614323,
              24.52963481054011
            ],
            [
              93.79724787801369,
              24.530176657380164
            ],
            [
              93.79695172765005,
              24.53017822230529
            ]
          ]
        ]
      },
      "properties": {
        "region": 2,
        "area_ha": 0.27,
        "longitude": 93.79699909056019,
        "latitude": 24.529861884187248,
        "mean_index_change": 0.14122216403484344,
        "mean_model_score": null,
        "status": "Needs review",
        "note": ""
      }
    },
    {
      "type": "Feature",
      "geometry": {
        "type": "Polygon",
        "coordinates": [
          [
            [
              93.79902306490854,
              24.52989633232441
            ],
            [
              93.79902135017353,
              24.529625409016713
            ],
            [
              93.79931749909069,
              24.52962384006167
            ],
            [
              93.79931921446108,
              24.529894763349795
            ],
            [
              93.79902306490854,
              24.52989633232441
            ]
          ]
        ]
      },
      "properties": {
        "region": 10,
        "area_ha": 0.09,
        "longitude": 93.79917028215846,
        "latitude": 24.529760086262037,
        "mean_index_change": 0.10072851926088333,
        "mean_model_score": null,
        "status": "Needs review",
        "note": ""
      }
    },
    {
      "type": "Feature",
      "geometry": {
        "type": "Polygon",
        "coordinates": [
          [
            [
              93.77088874416937,
              24.530042734223173
            ],
            [
              93.77088543544866,
              24.529500883946266
            ],
            [
              93.77118158607585,
              24.52949937023239
            ],
            [
              93.77118489606738,
              24.530041220471535
            ],
            [
              93.77088874416937,
              24.530042734223173
            ]
          ]
        ]
      },
      "properties": {
        "region": 6,
        "area_ha": 0.18,
        "longitude": 93.77103516543123,
        "latitude": 24.52977105229592,
        "mean_index_change": 0.11896510422229767,
        "mean_model_score": null,
        "status": "Needs review",
        "note": ""
      }
    },
    {
      "type": "Feature",
      "geometry": {
        "type": "Polygon",
        "coordinates": [
          [
            [
              93.77592165795663,
              24.529745996576626
            ],
            [
              93.77591999280669,
              24.529475071755176
            ],
            [
              93.77710459351488,
              24.529468973884406
            ],
            [
              93.7771062612064,
              24.52973989862981
            ],
            [
              93.77592165795663,
              24.529745996576626
            ]
          ]
        ]
      },
      "properties": {
        "region": 11,
        "area_ha": 0.36,
        "longitude": 93.77651312641693,
        "latitude": 24.52960748637531,
        "mean_index_change": 0.13031059503555298,
        "mean_model_score": null,
        "status": "Needs review",
        "note": ""
      }
    },
    {
      "type": "Feature",
      "geometry": {
        "type": "Polygon",
        "coordinates": [
          [
            [
              93.7750315420193,
              24.529479639054752
            ],
            [
              93.7750298787999,
              24.529208714166508
            ],
            [
              93.77562217807844,
              24.529205669919378
            ],
            [
              93.7756238425686,
              24.529476594769655
            ],
            [
              93.7750315420193,
              24.529479639054752
            ]
          ]
        ]
      },
      "properties": {
        "region": 12,
        "area_ha": 0.18,
        "longitude": 93.77532686037571,
        "latitude": 24.529342654769444,
        "mean_index_change": 0.11712587624788284,
        "mean_model_score": null,
        "status": "Needs review",
        "note": ""
      }
    },
    {
      "type": "Feature",
      "geometry": {
        "type": "Polygon",
        "coordinates": [
          [
            [
              93.77710459351488,
              24.529468973884406
            ],
            [
              93.7771029258478,
              24.529198049129178
            ],
            [
              93.77739907532839,
              24.529196523227302
            ],
            [
              93.77740074363085,
              24.5294674479635
            ],
            [
              93.77710459351488,
              24.529468973884406
            ]
          ]
        ]
      },
      "properties": {
        "region": 13,
        "area_ha": 0.09,
        "longitude": 93.77725183458048,
        "latitude": 24.529332748624988,
        "mean_index_change": 0.10370468348264694,
        "mean_model_score": null,
        "status": "Needs review",
        "note": ""
      }
    },
    {
      "type": "Feature",
      "geometry": {
        "type": "Polygon",
        "coordinates": [
          [
            [
              93.80701563022215,
              24.529311920415935
            ],
            [
              93.80701389838265,
              24.52904099761941
            ],
            [
              93.80731004534714,
              24.529039413009457
            ],
            [
              93.80731177782202,
              24.52931033578622
            ],
            [
              93.80701563022215,
              24.529311920415935
            ]
          ]
        ]
      },
      "properties": {
        "region": 15,
        "area_ha": 0.09,
        "longitude": 93.8071628379435,
        "latitude": 24.529175666781644,
        "mean_index_change": 0.11665266752243042,
        "mean_model_score": null,
        "status": "Needs review",
        "note": ""
      }
    },
    {
      "type": "Feature",
      "geometry": {
        "type": "Polygon",
        "coordinates": [
          [
            [
              93.78065839329109,
              24.52945062446878
            ],
            [
              93.78065504273235,
              24.52890877540618
            ],
            [
              93.78095119128359,
              24.5289072425481
            ],
            [
              93.78095454311311,
              24.529449091572467
            ],
            [
              93.78065839329109,
              24.52945062446878
            ]
          ]
        ]
      },
      "properties": {
        "region": 14,
        "area_ha": 0.18,
        "longitude": 93.78080479259582,
        "latitude": 24.529178933576457,
        "mean_index_change": 0.10982730239629745,
        "mean_model_score": null,
        "status": "Needs review",
        "note": ""
      }
    },
    {
      "type": "Feature",
      "geometry": {
        "type": "Polygon",
        "coordinates": [
          [
            [
              93.7919103697484,
              24.52912104197401
            ],
            [
              93.79190867033738,
              24.52885011816936
            ],
            [
              93.79220481794889,
              24.528848563223228
            ],
            [
              93.79220651799527,
              24.529119487008483
            ],
            [
              93.7919103697484,
              24.52912104197401
            ]
          ]
        ]
      },
      "properties": {
        "region": 17,
        "area_ha": 0.09,
        "longitude": 93.79205759400749,
        "latitude": 24.528984802667658,
        "mean_index_change": 0.10281188040971756,
        "mean_model_score": null,
        "status": "Needs review",
        "note": ""
      }
    },
    {
      "type": "Feature",
      "geometry": {
        "type": "Polygon",
        "coordinates": [
          [
            [
              93.80760619228626,
              24.529037827818254
            ],
            [
              93.80760445920141,
              24.528766905051427
            ],
            [
              93.80790060547979,
              24.528765319298735
            ],
            [
              93.80790233919998,
              24.529036242045787
            ],
            [
              93.80760619228626,
              24.529037827818254
            ]
          ]
        ]
      },
      "properties": {
        "region": 18,
        "area_ha": 0.09,
        "longitude": 93.80775339904186,
        "latitude": 24.528901573627437,
        "mean_index_change": 0.14030033349990845,
        "mean_model_score": null,
        "status": "Needs review",
        "note": ""
      }
    },
    {
      "type": "Feature",
      "geometry": {
        "type": "Polygon",
        "coordinates": [
          [
            [
              93.77236287336451,
              24.52895145943668
            ],
            [
              93.77236121591216,
              24.528680534358276
            ],
            [
              93.77265736451187,
              24.5286790177947
            ],
            [
              93.7726590225996,
              24.528949942854194
            ],
            [
              93.77236287336451,
              24.52895145943668
            ]
          ]
        ]
      },
      "properties": {
        "region": 19,
        "area_ha": 0.09,
        "longitude": 93.77251011909703,
        "latitude": 24.528815238684853,
        "mean_index_change": 0.12071293592453003,
        "mean_model_score": null,
        "status": "Needs review",
        "note": ""
      }
    },
    {
      "type": "Feature",
      "geometry": {
        "type": "Polygon",
        "coordinates": [
          [
            [
              93.81204665070526,
              24.528743057729855
            ],
            [
              93.81204490811574,
              24.528472135250603
            ],
            [
              93.81234105337671,
              24.52847054079906
            ],
            [
              93.81234279660157,
              24.528741463258427
            ],
            [
              93.81204665070526,
              24.528743057729855
            ]
          ]
        ]
      },
      "properties": {
        "region": 22,
        "area_ha": 0.09,
        "longitude": 93.81219385219981,
        "latitude": 24.528606799333378,
        "mean_index_change": 0.15430615842342377,
        "mean_model_score": null,
        "status": "Needs review",
        "note": ""
      }
    },
    {
      "type": "Feature",
      "geometry": {
        "type": "Polygon",
        "coordinates": [
          [
            [
              93.78183795900598,
              24.528631716016722
            ],
            [
              93.78183628124657,
              24.528360791537345
            ],
            [
              93.78242857558648,
              24.528357720666374
            ],
            [
              93.7824302546166,
              24.528628645107457
            ],
            [
              93.78183795900598,
              24.528631716016722
            ]
          ]
        ]
      },
      "properties": {
        "region": 23,
        "area_ha": 0.18,
        "longitude": 93.78213326762312,
        "latitude": 24.528494718623836,
        "mean_index_change": 0.11662612855434418,
        "mean_model_score": null,
        "status": "Needs review",
        "note": ""
      }
    },
    {
      "type": "Feature",
      "geometry": {
        "type": "Polygon",
        "coordinates": [
          [
            [
              93.7788781509096,
              24.528917960348
            ],
            [
              93.77887647947924,
              24.52864703568739
            ],
            [
              93.7785803313917,
              24.52864856445752
            ],
            [
              93.77857866062115,
              24.528377639768
            ],
            [
              93.77887480807333,
              24.52837611101694
            ],
            [
              93.77887313669194,
              24.528105186336663
            ],
            [
              93.77916928348428,
              24.52810365702342
            ],
            [
              93.77917429960802,
              24.528916430977535
            ],
            [
              93.7788781509096,
              24.528917960348
            ]
          ]
        ]
      },
      "properties": {
        "region": 21,
        "area_ha": 0.36,
        "longitude": 93.77894968071185,
        "latitude": 24.528511191072425,
        "mean_index_change": 0.14833179116249084,
        "mean_model_score": null,
        "status": "Needs review",
        "note": ""
      }
    },
    {
      "type": "Feature",
      "geometry": {
        "type": "Polygon",
        "coordinates": [
          [
            [
              93.7910185298734,
              24.52858385564756
            ],
            [
              93.79101513498792,
              24.528042007872784
            ],
            [
              93.79131128076808,
              24.52804045472855
            ],
            [
              93.79131467692424,
              24.52858230246458
            ],
            [
              93.7910185298734,
              24.52858385564756
            ]
          ]
        ]
      },
      "properties": {
        "region": 24,
        "area_ha": 0.18,
        "longitude": 93.79116490562909,
        "latitude": 24.528312155255946,
        "mean_index_change": 0.138685941696167,
        "mean_model_score": null,
        "status": "Needs review",
        "note": ""
      }
    },
    {
      "type": "Feature",
      "geometry": {
        "type": "Polygon",
        "coordinates": [
          [
            [
              93.79664361004862,
              24.528283322263537
            ],
            [
              93.796641900547,
              24.528012398740522
            ],
            [
              93.7969380458528,
              24.528010834552767
            ],
            [
              93.79693975598974,
              24.528281758056274
            ],
            [
              93.79664361004862,
              24.528283322263537
            ]
          ]
        ]
      },
      "properties": {
        "region": 26,
        "area_ha": 0.09,
        "longitude": 93.79679082810954,
        "latitude": 24.52814707847716,
        "mean_index_change": 0.104895681142807,
        "mean_model_score": null,
        "status": "Needs review",
        "note": ""
      }
    },
    {
      "type": "Feature",
      "geometry": {
        "type": "Polygon",
        "coordinates": [
          [
            [
              93.82477736127387,
              24.528132127349313
            ],
            [
              93.824775591417,
              24.527861205712004
            ],
            [
              93.82507173430055,
              24.527859586307706
            ],
            [
              93.82507350479273,
              24.52813050792482
            ],
            [
              93.82477736127387,
              24.528132127349313
            ]
          ]
        ]
      },
      "properties": {
        "region": 27,
        "area_ha": 0.09,
        "longitude": 93.82492454794604,
        "latitude": 24.527995856897345,
        "mean_index_change": 0.1245676726102829,
        "mean_model_score": null,
        "status": "Needs review",
        "note": ""
      }
    },
    {
      "type": "Feature",
      "geometry": {
        "type": "Polygon",
        "coordinates": [
          [
            [
              93.82536964828564,
              24.5281288879191
            ],
            [
              93.82536610605662,
              24.52758704471543
            ],
            [
              93.82566224825298,
              24.527585424168908
            ],
            [
              93.8256657917526,
              24.52812726733215
            ],
            [
              93.82536964828564,
              24.5281288879191
            ]
          ]
        ]
      },
      "properties": {
        "region": 28,
        "area_ha": 0.18,
        "longitude": 93.82551594857723,
        "latitude": 24.52785715611147,
        "mean_index_change": 0.15830060839653015,
        "mean_model_score": null,
        "status": "Needs review",
        "note": ""
      }
    },
    {
      "type": "Feature",
      "geometry": {
        "type": "Polygon",
        "coordinates": [
          [
            [
              93.7859789663222,
              24.527797398164573
            ],
            [
              93.78597727974206,
              24.527526473924393
            ],
            [
              93.78656956957953,
              24.527523386893897
            ],
            [
              93.78657125743032,
              24.527794311095573
            ],
            [
              93.7859789663222,
              24.527797398164573
            ]
          ]
        ]
      },
      "properties": {
        "region": 29,
        "area_ha": 0.18,
        "longitude": 93.7862742682778,
        "latitude": 24.52766039281146,
        "mean_index_change": 0.11054989695549011,
        "mean_model_score": null,
        "status": "Needs review",
        "note": ""
      }
    },
    {
      "type": "Feature",
      "geometry": {
        "type": "Polygon",
        "coordinates": [
          [
            [
              93.80552452024595,
              24.52769429732652
            ],
            [
              93.8055227917352,
              24.527423374372237
            ],
            [
              93.80581893501454,
              24.52742179278694
            ],
            [
              93.80582066416059,
              24.527692715721496
            ],
            [
              93.80552452024595,
              24.52769429732652
            ]
          ]
        ]
      },
      "properties": {
        "region": 31,
        "area_ha": 0.09,
        "longitude": 93.80567172778908,
        "latitude": 24.527558045125684,
        "mean_index_change": 0.184595987200737,
        "mean_model_score": null,
        "status": "Needs review",
        "note": ""
      }
    },
    {
      "type": "Feature",
      "geometry": {
        "type": "Polygon",
        "coordinates": [
          [
            [
              93.79900934773204,
              24.527728945587288
            ],
            [
              93.79900591868916,
              24.52718709880461
            ],
            [
              93.7993020618883,
              24.527185530025672
            ],
            [
              93.79930549220177,
              24.527727376769217
            ],
            [
              93.79900934773204,
              24.527728945587288
            ]
          ]
        ]
      },
      "properties": {
        "region": 30,
        "area_ha": 0.18,
        "longitude": 93.7991557051184,
        "latitude": 24.52745723787427,
        "mean_index_change": 0.10810941457748413,
        "mean_model_score": null,
        "status": "Needs review",
        "note": ""
      }
    },
    {
      "type": "Feature",
      "geometry": {
        "type": "Polygon",
        "coordinates": [
          [
            [
              93.78420040963677,
              24.527535721066396
            ],
            [
              93.7841987268932,
              24.52726479670105
            ],
            [
              93.78449487133713,
              24.527263256982994
            ],
            [
              93.78449655471603,
              24.527534181329138
            ],
            [
              93.78420040963677,
              24.527535721066396
            ]
          ]
        ]
      },
      "properties": {
        "region": 32,
        "area_ha": 0.09,
        "longitude": 93.78434764064578,
        "latitude": 24.527399489093774,
        "mean_index_change": 0.10358209908008575,
        "mean_model_score": null,
        "status": "Needs review",
        "note": ""
      }
    },
    {
      "type": "Feature",
      "geometry": {
        "type": "Polygon",
        "coordinates": [
          [
            [
              93.78952932310224,
              24.527236992849172
            ],
            [
              93.78952762894792,
              24.526966068820766
            ],
            [
              93.78982377231111,
              24.526964518660076
            ],
            [
              93.78982546710074,
              24.52723544266914
            ],
            [
              93.78952932310224,
              24.527236992849172
            ]
          ]
        ]
      },
      "properties": {
        "region": 34,
        "area_ha": 0.09,
        "longitude": 93.7896765478655,
        "latitude": 24.527100755823675,
        "mean_index_change": 0.12385911494493484,
        "mean_model_score": null,
        "status": "Needs review",
        "note": ""
      }
    },
    {
      "type": "Feature",
      "geometry": {
        "type": "Polygon",
        "coordinates": [
          [
            [
              93.80107892055493,
              24.527176105146577
            ],
            [
              93.80107720162415,
              24.52690518187759
            ],
            [
              93.80137334401186,
              24.526903609049786
            ],
            [
              93.80137506357792,
              24.52717453229915
            ],
            [
              93.80107892055493,
              24.527176105146577
            ]
          ]
        ]
      },
      "properties": {
        "region": 37,
        "area_ha": 0.09,
        "longitude": 93.80122613244222,
        "latitude": 24.527039857167157,
        "mean_index_change": 0.1270807683467865,
        "mean_model_score": null,
        "status": "Needs review",
        "note": ""
      }
    },
    {
      "type": "Feature",
      "geometry": {
        "type": "Polygon",
        "coordinates": [
          [
            [
              93.8019673495483,
              24.52717138486067
            ],
            [
              93.80196562871167,
              24.52690046165056
            ],
            [
              93.80226177102375,
              24.526898887079142
            ],
            [
              93.8022634924957,
              24.52716981026962
            ],
            [
              93.8019673495483,
              24.52717138486067
            ]
          ]
        ]
      },
      "properties": {
        "region": 38,
        "area_ha": 0.09,
        "longitude": 93.80211456044486,
        "latitude": 24.527035136038876,
        "mean_index_change": 0.12379314750432968,
        "mean_model_score": null,
        "status": "Needs review",
        "note": ""
      }
    },
    {
      "type": "Feature",
      "geometry": {
        "type": "Polygon",
        "coordinates": [
          [
            [
              93.80315192118641,
              24.527165083009177
            ],
            [
              93.8031501978086,
              24.526894159877667
            ],
            [
              93.80344634001973,
              24.52689258298144
            ],
            [
              93.80344806403282,
              24.527163506093274
            ],
            [
              93.80315192118641,
              24.527165083009177
            ]
          ]
        ]
      },
      "properties": {
        "region": 39,
        "area_ha": 0.09,
        "longitude": 93.8032991307619,
        "latitude": 24.527028833064275,
        "mean_index_change": 0.12148779630661011,
        "mean_model_score": null,
        "status": "Needs review",
        "note": ""
      }
    },
    {
      "type": "Feature",
      "geometry": {
        "type": "Polygon",
        "coordinates": [
          [
            [
              93.78301414887095,
              24.527270949761043
            ],
            [
              93.78301246869324,
              24.527000025309114
            ],
            [
              93.78271632476141,
              24.527001562101887
            ],
            [
              93.7827146452436,
              24.526730637620958
            ],
            [
              93.78330693181208,
              24.526727563492535
            ],
            [
              93.78331029341346,
              24.52726941236788
            ],
            [
              93.78301414887095,
              24.527270949761043
            ]
          ]
        ]
      },
      "properties": {
        "region": 33,
        "area_ha": 0.27,
        "longitude": 93.78306154596794,
        "latitude": 24.526954615044737,
        "mean_index_change": 0.1304914653301239,
        "mean_model_score": null,
        "status": "Needs review",
        "note": ""
      }
    },
    {
      "type": "Feature",
      "geometry": {
        "type": "Polygon",
        "coordinates": [
          [
            [
              93.79515434859263,
              24.52693651638056
            ],
            [
              93.79515264239268,
              24.526665592710913
            ],
            [
              93.79544878464712,
              24.5266640315267
            ],
            [
              93.79545049148236,
              24.526934955176873
            ],
            [
              93.79515434859263,
              24.52693651638056
            ]
          ]
        ]
      },
      "properties": {
        "region": 40,
        "area_ha": 0.09,
        "longitude": 93.7953015667787,
        "latitude": 24.526800274022637,
        "mean_index_change": 0.10214236378669739,
        "mean_model_score": null,
        "status": "Needs review",
        "note": ""
      }
    },
    {
      "type": "Feature",
      "geometry": {
        "type": "Polygon",
        "coordinates": [
          [
            [
              93.79722734829511,
              24.526925575749413
            ],
            [
              93.79722563764817,
              24.526654652216223
            ],
            [
              93.79752177972735,
              24.526653086963613
            ],
            [
              93.79752349100954,
              24.526924010477277
            ],
            [
              93.79722734829511,
              24.526925575749413
            ]
          ]
        ]
      },
      "properties": {
        "region": 41,
        "area_ha": 0.09,
        "longitude": 93.79737456417006,
        "latitude": 24.52678933142551,
        "mean_index_change": 0.10450546443462372,
        "mean_model_score": null,
        "status": "Needs review",
        "note": ""
      }
    },
    {
      "type": "Feature",
      "geometry": {
        "type": "Polygon",
        "coordinates": [
          [
            [
              93.80137334401186,
              24.526903609049786
            ],
            [
              93.80137162447099,
              24.526632685790574
            ],
            [
              93.80196390790024,
              24.52662953843061
            ],
            [
              93.80196562871167,
              24.52690046165056
            ],
            [
              93.80137334401186,
              24.526903609049786
            ]
          ]
        ]
      },
      "properties": {
        "region": 42,
        "area_ha": 0.18,
        "longitude": 93.80166862628315,
        "latitude": 24.526766574022208,
        "mean_index_change": 0.12731680274009705,
        "mean_model_score": null,
        "status": "Needs review",
        "note": ""
      }
    },
    {
      "type": "Feature",
      "geometry": {
        "type": "Polygon",
        "coordinates": [
          [
            [
              93.82743377439584,
              24.52676292422993
            ],
            [
              93.82743199895131,
              24.526492002725416
            ],
            [
              93.82772813842463,
              24.52649037819148
            ],
            [
              93.82772991450443,
              24.526761299675734
            ],
            [
              93.82743377439584,
              24.52676292422993
            ]
          ]
        ]
      },
      "properties": {
        "region": 43,
        "area_ha": 0.09,
        "longitude": 93.82758095656907,
        "latitude": 24.526626651279518,
        "mean_index_change": 0.14975716173648834,
        "mean_model_score": null,
        "status": "Needs review",
        "note": ""
      }
    },
    {
      "type": "Feature",
      "geometry": {
        "type": "Polygon",
        "coordinates": [
          [
            [
              93.79130618672045,
              24.527227683050718
            ],
            [
              93.79130448875434,
              24.526956759138425
            ],
            [
              93.79100834551542,
              24.52695831220518
            ],
            [
              93.79100495092841,
              24.52641646431235
            ],
            [
              93.79159723484024,
              24.526413357675136
            ],
            [
              93.79160233056979,
              24.527226129383376
            ],
            [
              93.79130618672045,
              24.527227683050718
            ]
          ]
        ]
      },
      "properties": {
        "region": 35,
        "area_ha": 0.45,
        "longitude": 93.79133291447093,
        "latitude": 24.52676695705669,
        "mean_index_change": 0.13852208852767944,
        "mean_model_score": null,
        "status": "Needs review",
        "note": ""
      }
    },
    {
      "type": "Feature",
      "geometry": {
        "type": "Polygon",
        "coordinates": [
          [
            [
              93.79692949554395,
              24.52665621688764
            ],
            [
              93.79692778555736,
              24.52638529332509
            ],
            [
              93.79722392702631,
              24.526383728673196
            ],
            [
              93.79722563764817,
              24.526654652216223
            ],
            [
              93.79692949554395,
              24.52665621688764
            ]
          ]
        ]
      },
      "properties": {
        "region": 44,
        "area_ha": 0.09,
        "longitude": 93.79707671144395,
        "latitude": 24.526519972849414,
        "mean_index_change": 0.14649580419063568,
        "mean_model_score": null,
        "status": "Needs review",
        "note": ""
      }
    },
    {
      "type": "Feature",
      "geometry": {
        "type": "Polygon",
        "coordinates": [
          [
            [
              93.79781792178143,
              24.5266515211298
            ],
            [
              93.797816209889,
              24.526380597625824
            ],
            [
              93.79811235128273,
              24.52637903123035
            ],
            [
              93.79811406381042,
              24.526649954714788
            ],
            [
              93.79781792178143,
              24.5266515211298
            ]
          ]
        ]
      },
      "properties": {
        "region": 45,
        "area_ha": 0.09,
        "longitude": 93.79796513669089,
        "latitude": 24.52651527624907,
        "mean_index_change": 0.18594300746917725,
        "mean_model_score": null,
        "status": "Needs review",
        "note": ""
      }
    },
    {
      "type": "Feature",
      "geometry": {
        "type": "Polygon",
        "coordinates": [
          [
            [
              93.82595130119455,
              24.5265001166774
            ],
            [
              93.8259495289523,
              24.526229195061834
            ],
            [
              93.82624566792036,
              24.526227573454022
            ],
            [
              93.8262474407979,
              24.526498495049367
            ],
            [
              93.82595130119455,
              24.5265001166774
            ]
          ]
        ]
      },
      "properties": {
        "region": 46,
        "area_ha": 0.09,
        "longitude": 93.82609848471627,
        "latitude": 24.52636384513453,
        "mean_index_change": 0.10507328808307648,
        "mean_model_score": null,
        "status": "Needs review",
        "note": ""
      }
    },
    {
      "type": "Feature",
      "geometry": {
        "type": "Polygon",
        "coordinates": [
          [
            [
              93.80050553035692,
              24.530159404838464
            ],
            [
              93.80050381241982,
              24.529888481638515
            ],
            [
              93.8007999618466,
              24.529886909757487
            ],
            [
              93.8007982432993,
              24.5296159865673
            ],
            [
              93.80168668952233,
              24.52961126749535
            ],
            [
              93.8016849690941,
              24.52934034435418
            ],
            [
              93.80227726517934,
              24.529337195439105
            ],
            [
              93.80227382185706,
              24.528795349205787
            ],
            [
              93.80256996859113,
              24.528793773915638
            ],
            [
              93.80256824633248,
              24.52852285080386
            ],
            [
              93.8019759541098,
              24.528526000763613
            ],
            [
              93.80197423314708,
              24.528255077602708
            ],
            [
              93.80286266953725,
              24.528250351850147
            ],
            [
              93.80286094669374,
              24.527979428738337
            ],
            [
              93.80256480189091,
              24.52798100455078
            ],
            [
              93.80255791331062,
              24.52689731192652
            ],
            [
              93.80285405557224,
              24.526895736192696
            ],
            [
              93.8028575010825,
              24.527437582485195
            ],
            [
              93.80315364458946,
              24.527436006130845
            ],
            [
              93.80315536801777,
              24.52770692924268
            ],
            [
              93.80345151213479,
              24.52770535228744
            ],
            [
              93.80344978807118,
              24.527434429195285
            ],
            [
              93.80522664843055,
              24.527424955376322
            ],
            [
              93.80522837630599,
              24.527695878350322
            ],
            [
              93.80552452024595,
              24.52769429732652
            ],
            [
              93.80552797734344,
              24.52823614320556
            ],
            [
              93.80582412252872,
              24.52823456156108
            ],
            [
              93.80582585175078,
              24.528505484466113
            ],
            [
              93.80641814331597,
              24.52850231939396
            ],
            [
              93.80641641282322,
              24.528231396528415
            ],
            [
              93.80671255793246,
              24.528229813140225
            ],
            [
              93.80670909575244,
              24.52768796741908
            ],
            [
              93.80641295191386,
              24.52768955076777
            ],
            [
              93.80641122149719,
              24.527418627872695
            ],
            [
              93.80670736470047,
              24.527417044543746
            ],
            [
              93.80670563367389,
              24.527146121658575
            ],
            [
              93.80700177621651,
              24.527144537768166
            ],
            [
              93.80700004458001,
              24.526873614892903
            ],
            [
              93.80729618646197,
              24.52687203044106
            ],
            [
              93.80729445421555,
              24.526601107575708
            ],
            [
              93.80759059543686,
              24.526599522562424
            ],
            [
              93.80758886258057,
              24.526328599707007
            ],
            [
              93.80788500314122,
              24.52632701413231
            ],
            [
              93.80788326967506,
              24.526056091286826
            ],
            [
              93.80817940957506,
              24.526054505150732
            ],
            [
              93.8081828778033,
              24.526596350792286
            ],
            [
              93.80788673663278,
              24.52659793696795
            ],
            [
              93.80789020369211,
              24.527139782609705
            ],
            [
              93.80759406122563,
              24.52714136824373
            ],
            [
              93.80759752711597,
              24.527683213885663
            ],
            [
              93.80730138335352,
              24.527684798978026
            ],
            [
              93.80730311570147,
              24.527955721804005
            ],
            [
              93.80700697127831,
              24.527957306334905
            ],
            [
              93.80700870301632,
              24.528228229170796
            ],
            [
              93.8073048480748,
              24.528226644620133
            ],
            [
              93.80730658047354,
              24.52849756742642
            ],
            [
              93.80760272614195,
              24.52849598227475
            ],
            [
              93.80760445920141,
              24.528766905051427
            ],
            [
              93.8070121665685,
              24.528770074813053
            ],
            [
              93.80701043477971,
              24.528499151996847
            ],
            [
              93.80671428906052,
              24.528500735986025
            ],
            [
              93.80671602021395,
              24.528771658821988
            ],
            [
              93.80582758099818,
              24.528776407361295
            ],
            [
              93.80582931027094,
              24.529047330246634
            ],
            [
              93.80553316317965,
              24.529048911950287
            ],
            [
              93.80553489184237,
              24.52931983484552
            ],
            [
              93.80612718727035,
              24.52931667081748
            ],
            [
              93.80613237722278,
              24.530129439325727
            ],
            [
              93.80583622761533,
              24.530131021689577
            ],
            [
              93.80583449824123,
              24.52986009884361
            ],
            [
              93.80553834924382,
              24.529861680606444
            ],
            [
              93.80554007798254,
              24.530132603472143
            ],
            [
              93.80494777864097,
              24.53013576529341
            ],
            [
              93.80494605117302,
              24.529864842388275
            ],
            [
              93.80464990209965,
              24.52986642240727
            ],
            [
              93.8046516289322,
              24.530137345332108
            ],
            [
              93.80050553035692,
              24.530159404838464
            ]
          ],
          [
            [
              93.8043520268291,
              24.529597078890607
            ],
            [
              93.80524047214307,
              24.529592338892737
            ],
            [
              93.80523874409037,
              24.529321415987635
            ],
            [
              93.80494259631307,
              24.529322996548483
            ],
            [
              93.80494086892107,
              24.529052073613833
            ],
            [
              93.80553316317965,
              24.529048911950287
            ],
            [
              93.80553143454225,
              24.528777989045224
            ],
            [
              93.80523528806097,
              24.528779570147908
            ],
            [
              93.80523356008423,
              24.528508647213272
            ],
            [
              93.80493741421299,
              24.528510227714985
            ],
            [
              93.80493914155437,
              24.52878115066933
            ],
            [
              93.80464299502246,
              24.5287827306095
            ],
            [
              93.80464644851045,
              24.52932457652807
            ],
            [
              93.80435030068251,
              24.529326155926388
            ],
            [
              93.8043520268291,
              24.529597078890607
            ]
          ]
        ]
      },
      "properties": {
        "region": 4,
        "area_ha": 12.96,
        "longitude": 93.80432976059812,
        "latitude": 24.528684682981307,
        "mean_index_change": 0.16895416378974915,
        "mean_model_score": null,
        "status": "Needs review",
        "note": ""
      }
    },
    {
      "type": "Feature",
      "geometry": {
        "type": "Polygon",
        "coordinates": [
          [
            [
              93.79218951865249,
              24.526410248713137
            ],
            [
              93.79218781885523,
              24.52613932482949
            ],
            [
              93.79248396008873,
              24.526137769496092
            ],
            [
              93.79248566052127,
              24.526408693360338
            ],
            [
              93.79218951865249,
              24.526410248713137
            ]
          ]
        ]
      },
      "properties": {
        "region": 47,
        "area_ha": 0.09,
        "longitude": 93.79233673952943,
        "latitude": 24.526274009173644,
        "mean_index_change": 0.11277945339679718,
        "mean_model_score": null,
        "status": "Needs review",
        "note": ""
      }
    },
    {
      "type": "Feature",
      "geometry": {
        "type": "Polygon",
        "coordinates": [
          [
            [
              93.7794671029042,
              24.528373051771055
            ],
            [
              93.77946041244292,
              24.527289353143544
            ],
            [
              93.78005270209312,
              24.527286291725375
            ],
            [
              93.78004935446832,
              24.52674444242898
            ],
            [
              93.78034549798605,
              24.52674291088626
            ],
            [
              93.78034717242147,
              24.527013835520272
            ],
            [
              93.78093946065385,
              24.52701077065298
            ],
            [
              93.78093443360947,
              24.52619799683611
            ],
            [
              93.78152671793192,
              24.52619492975872
            ],
            [
              93.78152504102903,
              24.525924005171685
            ],
            [
              93.78211732398266,
              24.525920935807786
            ],
            [
              93.78212403682392,
              24.52700463394379
            ],
            [
              93.78182789281827,
              24.52700616899291
            ],
            [
              93.78182957045476,
              24.52727709352147
            ],
            [
              93.7821257150957,
              24.52727555845319
            ],
            [
              93.78213075005866,
              24.52808833192242
            ],
            [
              93.78183460351173,
              24.528089867048127
            ],
            [
              93.78183628124657,
              24.528360791537345
            ],
            [
              93.78094783955231,
              24.528365393484385
            ],
            [
              93.78094616372351,
              24.528094468937777
            ],
            [
              93.78124231034415,
              24.528092935555808
            ],
            [
              93.78123895748956,
              24.52755108647133
            ],
            [
              93.78094281213957,
              24.527552619815047
            ],
            [
              93.78094113638444,
              24.52728169523893
            ],
            [
              93.78034884688142,
              24.52728476014445
            ],
            [
              93.78035052136595,
              24.5275556847588
            ],
            [
              93.7800543759423,
              24.527557216358826
            ],
            [
              93.78005772371428,
              24.528099065596212
            ],
            [
              93.77976157699545,
              24.528100596653196
            ],
            [
              93.7797632502829,
              24.52837152127623
            ],
            [
              93.7794671029042,
              24.528373051771055
            ]
          ],
          [
            [
              93.78153007181143,
              24.526736778903285
            ],
            [
              93.78182621520635,
              24.526735244454517
            ],
            [
              93.7818228600563,
              24.52619339534823
            ],
            [
              93.78152671793192,
              24.52619492975872
            ],
            [
              93.78153007181143,
              24.526736778903285
            ]
          ]
        ]
      },
      "properties": {
        "region": 25,
        "area_ha": 3.6,
        "longitude": 93.78108180512697,
        "latitude": 24.52728096698222,
        "mean_index_change": 0.11910519748926163,
        "mean_model_score": null,
        "status": "Needs review",
        "note": ""
      }
    },
    {
      "type": "Feature",
      "geometry": {
        "type": "Polygon",
        "coordinates": [
          [
            [
              93.79278010129731,
              24.526136213581513
            ],
            [
              93.79277840025443,
              24.52586528972683
            ],
            [
              93.79307454080282,
              24.525863733250475
            ],
            [
              93.79307624248096,
              24.52613465708574
            ],
            [
              93.79278010129731,
              24.526136213581513
            ]
          ]
        ]
      },
      "properties": {
        "region": 50,
        "area_ha": 0.09,
        "longitude": 93.7929273212089,
        "latitude": 24.525999973485018,
        "mean_index_change": 0.13066035509109497,
        "mean_model_score": null,
        "status": "Needs review",
        "note": ""
      }
    },
    {
      "type": "Feature",
      "geometry": {
        "type": "Polygon",
        "coordinates": [
          [
            [
              93.79337238363968,
              24.526133100008778
            ],
            [
              93.79337068132628,
              24.52586217619294
            ],
            [
              93.7936668218248,
              24.52586061855422
            ],
            [
              93.79366852477347,
              24.526131542350637
            ],
            [
              93.79337238363968,
              24.526133100008778
            ]
          ]
        ]
      },
      "properties": {
        "region": 51,
        "area_ha": 0.09,
        "longitude": 93.79351960289107,
        "latitude": 24.525996859350524,
        "mean_index_change": 0.10027715563774109,
        "mean_model_score": null,
        "status": "Needs review",
        "note": ""
      }
    },
    {
      "type": "Feature",
      "geometry": {
        "type": "Polygon",
        "coordinates": [
          [
            [
              93.79100325367222,
              24.52614554035118
            ],
            [
              93.79099985923445,
              24.525603692399322
            ],
            [
              93.791295999297,
              24.525602139429427
            ],
            [
              93.7912993950053,
              24.526143987342536
            ],
            [
              93.79100325367222,
              24.52614554035118
            ]
          ]
        ]
      },
      "properties": {
        "region": 49,
        "area_ha": 0.18,
        "longitude": 93.79114962679292,
        "latitude": 24.525873839958184,
        "mean_index_change": 0.13060101866722107,
        "mean_model_score": null,
        "status": "Needs review",
        "note": ""
      }
    },
    {
      "type": "Feature",
      "geometry": {
        "type": "Polygon",
        "coordinates": [
          [
            [
              93.78063661641433,
              24.52592860485861
            ],
            [
              93.78063494144178,
              24.525657680204365
            ],
            [
              93.78093108236932,
              24.525656147575695
            ],
            [
              93.78093275797713,
              24.52592707221082
            ],
            [
              93.78063661641433,
              24.52592860485861
            ]
          ]
        ]
      },
      "properties": {
        "region": 53,
        "area_ha": 0.09,
        "longitude": 93.78078384955063,
        "latitude": 24.52579237628625,
        "mean_index_change": 0.11866779625415802,
        "mean_model_score": null,
        "status": "Needs review",
        "note": ""
      }
    },
    {
      "type": "Feature",
      "geometry": {
        "type": "Polygon",
        "coordinates": [
          [
            [
              93.82890913889415,
              24.525942031408146
            ],
            [
              93.82890380334443,
              24.52512926708058
            ],
            [
              93.82949607565229,
              24.52512601182276
            ],
            [
              93.82949963520022,
              24.525667854636445
            ],
            [
              93.82920349778891,
              24.525669482596534
            ],
            [
              93.82920527696677,
              24.52594040400891
            ],
            [
              93.82890913889415,
              24.525942031408146
            ]
          ]
        ]
      },
      "properties": {
        "region": 52,
        "area_ha": 0.45,
        "longitude": 93.82917263868181,
        "latitude": 24.525480000364634,
        "mean_index_change": 0.17483679950237274,
        "mean_model_score": null,
        "status": "Needs review",
        "note": ""
      }
    },
    {
      "type": "Feature",
      "geometry": {
        "type": "Polygon",
        "coordinates": [
          [
            [
              93.78863073783926,
              24.52561609523621
            ],
            [
              93.78862735366476,
              24.525074246935596
            ],
            [
              93.78892349265557,
              24.525072698653727
            ],
            [
              93.78892687810054,
              24.525614546915712
            ],
            [
              93.78863073783926,
              24.52561609523621
            ]
          ]
        ]
      },
      "properties": {
        "region": 56,
        "area_ha": 0.18,
        "longitude": 93.78877711555575,
        "latitude": 24.525344397012873,
        "mean_index_change": 0.10640829801559448,
        "mean_model_score": null,
        "status": "Needs review",
        "note": ""
      }
    },
    {
      "type": "Feature",
      "geometry": {
        "type": "Polygon",
        "coordinates": [
          [
            [
              93.7812272232723,
              24.52565461436584
            ],
            [
              93.78122219469053,
              24.524841840458823
            ],
            [
              93.78181447261134,
              24.524838772410384
            ],
            [
              93.78181782751558,
              24.525380621615028
            ],
            [
              93.78152168729697,
              24.525382155968106
            ],
            [
              93.78152336415073,
              24.525653080574813
            ],
            [
              93.7812272232723,
              24.52565461436584
            ]
          ]
        ]
      },
      "properties": {
        "region": 54,
        "area_ha": 0.45,
        "longitude": 93.78149089953523,
        "latitude": 24.52519266213956,
        "mean_index_change": 0.1221596971154213,
        "mean_model_score": null,
        "status": "Needs review",
        "note": ""
      }
    },
    {
      "type": "Feature",
      "geometry": {
        "type": "Polygon",
        "coordinates": [
          [
            [
              93.78626161485708,
              24.525628460877815
            ],
            [
              93.78625655387816,
              24.524815687949435
            ],
            [
              93.78655269243185,
              24.524814144336116
            ],
            [
              93.78655775531647,
              24.525626917206736
            ],
            [
              93.78626161485708,
              24.525628460877815
            ]
          ]
        ]
      },
      "properties": {
        "region": 55,
        "area_ha": 0.27,
        "longitude": 93.78640715409617,
        "latitude": 24.52522130267623,
        "mean_index_change": 0.17993395030498505,
        "mean_model_score": null,
        "status": "Needs review",
        "note": ""
      }
    },
    {
      "type": "Feature",
      "geometry": {
        "type": "Polygon",
        "coordinates": [
          [
            [
              93.80609951137697,
              24.524981903944134
            ],
            [
              93.80609778184909,
              24.524710980930895
            ],
            [
              93.80669005557597,
              24.524707815249094
            ],
            [
              93.80669178637429,
              24.52497873822285
            ],
            [
              93.80609951137697,
              24.524981903944134
            ]
          ]
        ]
      },
      "properties": {
        "region": 59,
        "area_ha": 0.18,
        "longitude": 93.80639478380358,
        "latitude": 24.524844859878545,
        "mean_index_change": 0.3185913562774658,
        "mean_model_score": null,
        "status": "Needs review",
        "note": ""
      }
    },
    {
      "type": "Feature",
      "geometry": {
        "type": "Polygon",
        "coordinates": [
          [
            [
              93.78211228960994,
              24.52510816210252
            ],
            [
              93.78210893348442,
              24.52456631291649
            ],
            [
              93.78240507174816,
              24.52456477745853
            ],
            [
              93.78240842914413,
              24.525106626606245
            ],
            [
              93.78211228960994,
              24.52510816210252
            ]
          ]
        ]
      },
      "properties": {
        "region": 57,
        "area_ha": 0.18,
        "longitude": 93.78225868098744,
        "latitude": 24.52483646984851,
        "mean_index_change": 0.1193193569779396,
        "mean_model_score": null,
        "status": "Needs review",
        "note": ""
      }
    },
    {
      "type": "Feature",
      "geometry": {
        "type": "Polygon",
        "coordinates": [
          [
            [
              93.78714665833895,
              24.525081979627522
            ],
            [
              93.78714328061587,
              24.524540131094664
            ],
            [
              93.78743941846012,
              24.524538585757153
            ],
            [
              93.78744279745366,
              24.525080434251464
            ],
            [
              93.78714665833895,
              24.525081979627522
            ]
          ]
        ]
      },
      "properties": {
        "region": 58,
        "area_ha": 0.18,
        "longitude": 93.78729303870787,
        "latitude": 24.524810282760267,
        "mean_index_change": 0.12211795151233673,
        "mean_model_score": null,
        "status": "Needs review",
        "note": ""
      }
    },
    {
      "type": "Feature",
      "geometry": {
        "type": "Polygon",
        "coordinates": [
          [
            [
              93.77322643317305,
              24.524883031588303
            ],
            [
              93.77322477417931,
              24.524612106419166
            ],
            [
              93.77352091317674,
              24.524610588395824
            ],
            [
              93.77352257280572,
              24.524881513546028
            ],
            [
              93.77322643317305,
              24.524883031588303
            ]
          ]
        ]
      },
      "properties": {
        "region": 62,
        "area_ha": 0.09,
        "longitude": 93.77337367333371,
        "latitude": 24.524746810061202,
        "mean_index_change": 0.1043998971581459,
        "mean_model_score": null,
        "status": "Needs review",
        "note": ""
      }
    },
    {
      "type": "Feature",
      "geometry": {
        "type": "Polygon",
        "coordinates": [
          [
            [
              93.78951407660705,
              24.5247986762394
            ],
            [
              93.78951238267614,
              24.52452775212246
            ],
            [
              93.79010465794316,
              24.52452465156793
            ],
            [
              93.79010635314448,
              24.524795575646202
            ],
            [
              93.78951407660705,
              24.5247986762394
            ]
          ]
        ]
      },
      "properties": {
        "region": 65,
        "area_ha": 0.18,
        "longitude": 93.78980936760202,
        "latitude": 24.5246616641858,
        "mean_index_change": 0.10658286511898041,
        "mean_model_score": null,
        "status": "Needs review",
        "note": ""
      }
    },
    {
      "type": "Feature",
      "geometry": {
        "type": "Polygon",
        "coordinates": [
          [
            [
              93.80728406127014,
              24.52497557017696
            ],
            [
              93.80728232920141,
              24.524704647242725
            ],
            [
              93.80698619240138,
              24.52470623153648
            ],
            [
              93.80698446099323,
              24.524435308572638
            ],
            [
              93.80787286941157,
              24.524430554007246
            ],
            [
              93.80787633606445,
              24.52497239980648
            ],
            [
              93.80728406127014,
              24.52497557017696
            ]
          ]
        ]
      },
      "properties": {
        "region": 60,
        "area_ha": 0.45,
        "longitude": 93.8074894516964,
        "latitude": 24.524676445598732,
        "mean_index_change": 0.21195478737354279,
        "mean_model_score": null,
        "status": "Needs review",
        "note": ""
      }
    },
    {
      "type": "Feature",
      "geometry": {
        "type": "Polygon",
        "coordinates": [
          [
            [
              93.79959820506228,
              24.527183960665514
            ],
            [
              93.79959648930796,
              24.526913037298556
            ],
            [
              93.79900420420542,
              24.5269161753985
            ],
            [
              93.79900077531329,
              24.52637432855678
            ],
            [
              93.79870463399489,
              24.52637589669583
            ],
            [
              93.79870292022176,
              24.526104973240642
            ],
            [
              93.7989990609049,
              24.52610340512116
            ],
            [
              93.7989887749822,
              24.52447786430078
            ],
            [
              93.79987718544673,
              24.524473156807527
            ],
            [
              93.79987546930862,
              24.52420223336175
            ],
            [
              93.80017160544465,
              24.524200663054632
            ],
            [
              93.80017675584004,
              24.525013433303698
            ],
            [
              93.80047289385652,
              24.52501186235667
            ],
            [
              93.80047461134055,
              24.52528278573375
            ],
            [
              93.80077074996709,
              24.525281214185974
            ],
            [
              93.80077590447587,
              24.526093984199363
            ],
            [
              93.80107204498294,
              24.52609241201159
            ],
            [
              93.80107376383816,
              24.526363335310098
            ],
            [
              93.80077762269582,
              24.526364907517483
            ],
            [
              93.80077934094093,
              24.526635830825757
            ],
            [
              93.80107548271856,
              24.52663425859876
            ],
            [
              93.80107720162415,
              24.52690518187759
            ],
            [
              93.80078105921126,
              24.526906754124195
            ],
            [
              93.80078277750674,
              24.527177677412787
            ],
            [
              93.80048663443338,
              24.527179249097788
            ],
            [
              93.80048148152828,
              24.526366479143675
            ],
            [
              93.80018534033559,
              24.526368050188676
            ],
            [
              93.8001819064619,
              24.52582620346421
            ],
            [
              93.79958962654206,
              24.5258293437323
            ],
            [
              93.79959305787472,
              24.52637119053511
            ],
            [
              93.79929691660656,
              24.52637275983654
            ],
            [
              93.79929863167534,
              24.526643683242757
            ],
            [
              93.79989091545704,
              24.526640544019546
            ],
            [
              93.7998926318215,
              24.526911467376774
            ],
            [
              93.80018877430993,
              24.526909896873782
            ],
            [
              93.80019049133485,
              24.527180820201576
            ],
            [
              93.79959820506228,
              24.527183960665514
            ]
          ]
        ]
      },
      "properties": {
        "region": 36,
        "area_ha": 4.14,
        "longitude": 93.79984657993603,
        "latitude": 24.525739634098397,
        "mean_index_change": 0.15729694068431854,
        "mean_model_score": null,
        "status": "Needs review",
        "note": ""
      }
    },
    {
      "type": "Feature",
      "geometry": {
        "type": "Polygon",
        "coordinates": [
          [
            [
              93.77263415383483,
              24.52488606592936
            ],
            [
              93.77263249611154,
              24.524615140722368
            ],
            [
              93.77204021794658,
              24.52461817270095
            ],
            [
              93.77203856151802,
              24.524347247446315
            ],
            [
              93.77292697682336,
              24.52434269866345
            ],
            [
              93.7729302935161,
              24.524884549049414
            ],
            [
              93.77263415383483,
              24.52488606592936
            ]
          ]
        ]
      },
      "properties": {
        "region": 61,
        "area_ha": 0.36,
        "longitude": 93.7725580469589,
        "latitude": 24.52454778854236,
        "mean_index_change": 0.12587006390094757,
        "mean_model_score": null,
        "status": "Needs review",
        "note": ""
      }
    },
    {
      "type": "Feature",
      "geometry": {
        "type": "Polygon",
        "coordinates": [
          [
            [
              93.78892010730983,
              24.524530850352395
            ],
            [
              93.78891841467417,
              24.52425992618697
            ],
            [
              93.78921455173453,
              24.524258377381894
            ],
            [
              93.7892162450054,
              24.524529301527995
            ],
            [
              93.78892010730983,
              24.524530850352395
            ]
          ]
        ]
      },
      "properties": {
        "region": 67,
        "area_ha": 0.09,
        "longitude": 93.78906732968099,
        "latitude": 24.524394613936185,
        "mean_index_change": 0.10770396888256073,
        "mean_model_score": null,
        "status": "Needs review",
        "note": ""
      }
    },
    {
      "type": "Feature",
      "geometry": {
        "type": "Polygon",
        "coordinates": [
          [
            [
              93.8114265007963,
              24.524411483443632
            ],
            [
              93.8114247598857,
              24.52414056076713
            ],
            [
              93.81172089503362,
              24.524138967796
            ],
            [
              93.81172263657943,
              24.524409890452635
            ],
            [
              93.8114265007963,
              24.524411483443632
            ]
          ]
        ]
      },
      "properties": {
        "region": 68,
        "area_ha": 0.09,
        "longitude": 93.81157369807377,
        "latitude": 24.524275225688722,
        "mean_index_change": 0.1336745172739029,
        "mean_model_score": null,
        "status": "Needs review",
        "note": ""
      }
    },
    {
      "type": "Feature",
      "geometry": {
        "type": "Polygon",
        "coordinates": [
          [
            [
              93.83008300491836,
              24.524309990067877
            ],
            [
              93.83008122399141,
              24.52403906865735
            ],
            [
              93.83037735751329,
              24.524037439075748
            ],
            [
              93.8303791390754,
              24.524308360465948
            ],
            [
              93.83008300491836,
              24.524309990067877
            ]
          ]
        ]
      },
      "properties": {
        "region": 69,
        "area_ha": 0.09,
        "longitude": 93.83023018137462,
        "latitude": 24.5241737146406,
        "mean_index_change": 0.2734816372394562,
        "mean_model_score": null,
        "status": "Needs review",
        "note": ""
      }
    },
    {
      "type": "Feature",
      "geometry": {
        "type": "Polygon",
        "coordinates": [
          [
            [
              93.76999533100378,
              24.529234496390366
            ],
            [
              93.76996559162306,
              24.52435784093271
            ],
            [
              93.7702617302522,
              24.52435632932096
            ],
            [
              93.77026007765916,
              24.524085403943214
            ],
            [
              93.77055621562886,
              24.524083891769177
            ],
            [
              93.77055786885711,
              24.524354817128067
            ],
            [
              93.77085400743778,
              24.524353304354015
            ],
            [
              93.77085566132546,
              24.524624229684203
            ],
            [
              93.77055952210956,
              24.52462574247712
            ],
            [
              93.77056117538625,
              24.524896667816353
            ],
            [
              93.77085731523738,
              24.524895155004565
            ],
            [
              93.77085896917355,
              24.52516608031509
            ],
            [
              93.77115510963567,
              24.525164566903257
            ],
            [
              93.77115676423132,
              24.525435492185075
            ],
            [
              93.77145290530444,
              24.52543397817318
            ],
            [
              93.7714545605596,
              24.525704903426284
            ],
            [
              93.77175070224372,
              24.52570338881432
            ],
            [
              93.7717440788277,
              24.5246196878185
            ],
            [
              93.77204021794658,
              24.52461817270095
            ],
            [
              93.77204187439942,
              24.524889097945753
            ],
            [
              93.77233801412928,
              24.524887582228143
            ],
            [
              93.77234298553917,
              24.525700357846844
            ],
            [
              93.77293526873748,
              24.525697324554606
            ],
            [
              93.77293692719321,
              24.525968249703336
            ],
            [
              93.77352921156482,
              24.5259652140485
            ],
            [
              93.77352755183855,
              24.52569428893763
            ],
            [
              93.77382369335264,
              24.52569277025737
            ],
            [
              93.77381871241404,
              24.52487999492259
            ],
            [
              93.77411485199804,
              24.524878475717987
            ],
            [
              93.7741131910986,
              24.524607550605673
            ],
            [
              93.77440933002305,
              24.524606030838868
            ],
            [
              93.77441099155769,
              24.52487695593222
            ],
            [
              93.77470713109301,
              24.52487543556529
            ],
            [
              93.77470879328725,
              24.52514636062984
            ],
            [
              93.7744126531167,
              24.52514788101574
            ],
            [
              93.7744176379398,
              24.5259606562073
            ],
            [
              93.77412149583915,
              24.525962176068894
            ],
            [
              93.77412315686028,
              24.526233101132036
            ],
            [
              93.77441929959622,
              24.526231581251484
            ],
            [
              93.77442096127697,
              24.526502506285837
            ],
            [
              93.77471710462383,
              24.526500985805118
            ],
            [
              93.77471876696423,
              24.526771910810673
            ],
            [
              93.77501491092202,
              24.52677038972978
            ],
            [
              93.77501324794635,
              24.526499464743196
            ],
            [
              93.77530939124446,
              24.52649794310007
            ],
            [
              93.77531271849081,
              24.52703979302544
            ],
            [
              93.77560886303516,
              24.52703827076313
            ],
            [
              93.7756105273302,
              24.527309195692084
            ],
            [
              93.77531438215055,
              24.52731071797338
            ],
            [
              93.77531604583467,
              24.527581642911482
            ],
            [
              93.7747237541316,
              24.527584685768343
            ],
            [
              93.77472541656944,
              24.527855610734562
            ],
            [
              93.77383697692616,
              24.52786017071745
            ],
            [
              93.77383863748234,
              24.528131095730714
            ],
            [
              93.77354249025056,
              24.528132614581473
            ],
            [
              93.77354415019575,
              24.528403539603843
            ],
            [
              93.77235955848407,
              24.52840960927004
            ],
            [
              93.7723579010803,
              24.528138684171967
            ],
            [
              93.772061753727,
              24.528140200116464
            ],
            [
              93.77206009698284,
              24.527869274989655
            ],
            [
              93.77176395024058,
              24.527870790334
            ],
            [
              93.7717656063494,
              24.52814171547971
            ],
            [
              93.77117331152144,
              24.52814474446244
            ],
            [
              93.77117496638382,
              24.528415669636097
            ],
            [
              93.77058267018816,
              24.528418696331563
            ],
            [
              93.77058432380407,
              24.528689621533136
            ],
            [
              93.77028817503452,
              24.528691134027845
            ],
            [
              93.7702914810683,
              24.529232984439215
            ],
            [
              93.76999533100378,
              24.529234496390366
            ]
          ],
          [
            [
              93.77057936302903,
              24.527876845898916
            ],
            [
              93.77176395024058,
              24.527870790334
            ],
            [
              93.77176063809577,
              24.52732894001307
            ],
            [
              93.77146449259992,
              24.527330454738387
            ],
            [
              93.77146283719921,
              24.527059529544278
            ],
            [
              93.77175898205977,
              24.527058014837863
            ],
            [
              93.77175567006054,
              24.52651616445794
            ],
            [
              93.77057109555523,
              24.526522219645237
            ],
            [
              93.77057274900152,
              24.52679314491564
            ],
            [
              93.7702766046793,
              24.5267946572783
            ],
            [
              93.77028156325764,
              24.5276074330871
            ],
            [
              93.77057770948579,
              24.52760592066785
            ],
            [
              93.77057936302903,
              24.527876845898916
            ]
          ],
          [
            [
              93.77294853706387,
              24.527864725469147
            ],
            [
              93.77354083032971,
              24.527861689549265
            ],
            [
              93.7735358507131,
              24.527048914393653
            ],
            [
              93.77383199540358,
              24.52704739561867
            ],
            [
              93.77383033494473,
              24.526776470566073
            ],
            [
              93.77353419088955,
              24.526777989322113
            ],
            [
              93.77353087131542,
              24.52623613914954
            ],
            [
              93.77293858567324,
              24.52623917484224
            ],
            [
              93.77294024417759,
              24.526510099971308
            ],
            [
              93.77234795716764,
              24.52651313337704
            ],
            [
              93.77235292901469,
              24.527325908818753
            ],
            [
              93.77264907443771,
              24.527324392349747
            ],
            [
              93.77265073240395,
              24.527595317458406
            ],
            [
              93.772946878438,
              24.527593800389255
            ],
            [
              93.77294853706387,
              24.527864725469147
            ]
          ],
          [
            [
              93.77413146233108,
              24.527587726300258
            ],
            [
              93.7747237541316,
              24.527584685768343
            ],
            [
              93.774720429329,
              24.527042835806398
            ],
            [
              93.77412814006973,
              24.52704587626247
            ],
            [
              93.77413146233108,
              24.527587726300258
            ]
          ],
          [
            [
              93.77027329908152,
              24.526252806689943
            ],
            [
              93.77086558516056,
              24.526249781458862
            ],
            [
              93.77086393112745,
              24.52597885618767
            ],
            [
              93.77027164631895,
              24.52598188138101
            ],
            [
              93.77027329908152,
              24.526252806689943
            ]
          ]
        ]
      },
      "properties": {
        "region": 16,
        "area_ha": 12.51,
        "longitude": 93.7722216377169,
        "latitude": 24.52658687363363,
        "mean_index_change": 0.14499525725841522,
        "mean_model_score": null,
        "status": "Needs review",
        "note": ""
      }
    },
    {
      "type": "Feature",
      "geometry": {
        "type": "Polygon",
        "coordinates": [
          [
            [
              93.78418358331062,
              24.524826476970283
            ],
            [
              93.78417853589359,
              24.524013703549652
            ],
            [
              93.78447467271451,
              24.524012164062036
            ],
            [
              93.78447972203716,
              24.524824937425063
            ],
            [
              93.78418358331062,
              24.524826476970283
            ]
          ]
        ]
      },
      "properties": {
        "region": 63,
        "area_ha": 0.27,
        "longitude": 93.78432912846431,
        "latitude": 24.524419320585466,
        "mean_index_change": 0.12851756811141968,
        "mean_model_score": null,
        "status": "Needs review",
        "note": ""
      }
    },
    {
      "type": "Feature",
      "geometry": {
        "type": "Polygon",
        "coordinates": [
          [
            [
              93.80876301282063,
              24.524696717056816
            ],
            [
              93.8087578072389,
              24.52388394849179
            ],
            [
              93.80994234605434,
              24.52387759412031
            ],
            [
              93.80994582149822,
              24.524419439681637
            ],
            [
              93.80964968556216,
              24.52442102918584
            ],
            [
              93.8096514226871,
              24.524691951971572
            ],
            [
              93.8093552860904,
              24.52469354091446
            ],
            [
              93.80935354960066,
              24.524422618108908
            ],
            [
              93.8090574136137,
              24.524424206450846
            ],
            [
              93.80905914946823,
              24.5246951292762
            ],
            [
              93.80876301282063,
              24.524696717056816
            ]
          ]
        ]
      },
      "properties": {
        "region": 66,
        "area_ha": 0.9,
        "longitude": 93.80932272051989,
        "latitude": 24.52423313099813,
        "mean_index_change": 0.16424903273582458,
        "mean_model_score": null,
        "status": "Needs review",
        "note": ""
      }
    },
    {
      "type": "Feature",
      "geometry": {
        "type": "Polygon",
        "coordinates": [
          [
            [
              93.78536476801773,
              24.52427846651891
            ],
            [
              93.78536308302925,
              24.524007542112393
            ],
            [
              93.78565921975147,
              24.52400600030024
            ],
            [
              93.78566090537514,
              24.524276924687527
            ],
            [
              93.78536476801773,
              24.52427846651891
            ]
          ]
        ]
      },
      "properties": {
        "region": 70,
        "area_ha": 0.09,
        "longitude": 93.7855119940434,
        "latitude": 24.524142233478642,
        "mean_index_change": 0.11173593252897263,
        "mean_model_score": null,
        "status": "Needs review",
        "note": ""
      }
    },
    {
      "type": "Feature",
      "geometry": {
        "type": "Polygon",
        "coordinates": [
          [
            [
              93.79839307531442,
              24.523939152626852
            ],
            [
              93.7983896495157,
              24.52339730549044
            ],
            [
              93.79868578387183,
              24.523395738147652
            ],
            [
              93.7986892109409,
              24.52393758524496
            ],
            [
              93.79839307531442,
              24.523939152626852
            ]
          ]
        ]
      },
      "properties": {
        "region": 71,
        "area_ha": 0.18,
        "longitude": 93.79853942990131,
        "latitude": 24.52366744545503,
        "mean_index_change": 0.13442707061767578,
        "mean_model_score": null,
        "status": "Needs review",
        "note": ""
      }
    },
    {
      "type": "Feature",
      "geometry": {
        "type": "Polygon",
        "coordinates": [
          [
            [
              93.79513387584339,
              24.523685431695437
            ],
            [
              93.79513216994347,
              24.52341450790773
            ],
            [
              93.79542830457521,
              24.523412946957183
            ],
            [
              93.79543001111031,
              24.52368387072541
            ],
            [
              93.79513387584339,
              24.523685431695437
            ]
          ]
        ]
      },
      "properties": {
        "region": 74,
        "area_ha": 0.09,
        "longitude": 93.79528109036809,
        "latitude": 24.523549189395304,
        "mean_index_change": 0.125604048371315,
        "mean_model_score": null,
        "status": "Needs review",
        "note": ""
      }
    },
    {
      "type": "Feature",
      "geometry": {
        "type": "Polygon",
        "coordinates": [
          [
            [
              93.82504340995385,
              24.523524839094655
            ],
            [
              93.8250416399027,
              24.523253917310146
            ],
            [
              93.82533777196151,
              24.523252297668098
            ],
            [
              93.82533954264781,
              24.5235232194324
            ],
            [
              93.82504340995385,
              24.523524839094655
            ]
          ]
        ]
      },
      "properties": {
        "region": 75,
        "area_ha": 0.09,
        "longitude": 93.82519059111647,
        "latitude": 24.523388568450187,
        "mean_index_change": 0.1337471902370453,
        "mean_model_score": null,
        "status": "Needs review",
        "note": ""
      }
    },
    {
      "type": "Feature",
      "geometry": {
        "type": "Polygon",
        "coordinates": [
          [
            [
              93.78891502947725,
              24.523718077826622
            ],
            [
              93.78891164437957,
              24.523176229426923
            ],
            [
              93.78950391339401,
              24.523173131390212
            ],
            [
              93.78950730103239,
              24.52371497971262
            ],
            [
              93.78891502947725,
              24.523718077826622
            ]
          ]
        ]
      },
      "properties": {
        "region": 72,
        "area_ha": 0.36,
        "longitude": 93.78920947207081,
        "latitude": 24.52344560488457,
        "mean_index_change": 0.12873859703540802,
        "mean_model_score": null,
        "status": "Needs review",
        "note": ""
      }
    },
    {
      "type": "Feature",
      "geometry": {
        "type": "Polygon",
        "coordinates": [
          [
            [
              93.79542830457521,
              24.523412946957183
            ],
            [
              93.79542659806512,
              24.523142023179105
            ],
            [
              93.79572273203671,
              24.523140461666912
            ],
            [
              93.79572443918197,
              24.523411385425515
            ],
            [
              93.79542830457521,
              24.523412946957183
            ]
          ]
        ]
      },
      "properties": {
        "region": 76,
        "area_ha": 0.09,
        "longitude": 93.79557551846476,
        "latitude": 24.523276704381043,
        "mean_index_change": 0.10814999788999557,
        "mean_model_score": null,
        "status": "Needs review",
        "note": ""
      }
    },
    {
      "type": "Feature",
      "geometry": {
        "type": "Polygon",
        "coordinates": [
          [
            [
              93.83007588136714,
              24.523226304366673
            ],
            [
              93.83007410054459,
              24.522955382916756
            ],
            [
              93.83037023152586,
              24.522953753416463
            ],
            [
              93.83037201298356,
              24.52322467484606
            ],
            [
              93.83007588136714,
              24.523226304366673
            ]
          ]
        ]
      },
      "properties": {
        "region": 78,
        "area_ha": 0.09,
        "longitude": 93.83022305660528,
        "latitude": 24.523090028960354,
        "mean_index_change": 0.23240506649017334,
        "mean_model_score": null,
        "status": "Needs review",
        "note": ""
      }
    },
    {
      "type": "Feature",
      "geometry": {
        "type": "Polygon",
        "coordinates": [
          [
            [
              93.78980343677273,
              24.523713429783935
            ],
            [
              93.78979835344688,
              24.522900657343566
            ],
            [
              93.7900944872569,
              24.522899106891774
            ],
            [
              93.79009957248823,
              24.52371187927412
            ],
            [
              93.78980343677273,
              24.523713429783935
            ]
          ]
        ]
      },
      "properties": {
        "region": 73,
        "area_ha": 0.27,
        "longitude": 93.78994896246634,
        "latitude": 24.523306268407055,
        "mean_index_change": 0.10653606057167053,
        "mean_model_score": null,
        "status": "Needs review",
        "note": ""
      }
    },
    {
      "type": "Feature",
      "geometry": {
        "type": "Polygon",
        "coordinates": [
          [
            [
              93.81053113742664,
              24.52333256792651
            ],
            [
              93.81052939852353,
              24.523061645151074
            ],
            [
              93.8108255312073,
              24.523060054002705
            ],
            [
              93.81082379169453,
              24.52278913123727
            ],
            [
              93.81111992371767,
              24.522787539527677
            ],
            [
              93.811123404039,
              24.52332938500899
            ],
            [
              93.81053113742664,
              24.52333256792651
            ]
          ]
        ]
      },
      "properties": {
        "region": 77,
        "area_ha": 0.27,
        "longitude": 93.81087517659103,
        "latitude": 24.52310494254755,
        "mean_index_change": 0.12543466687202454,
        "mean_model_score": null,
        "status": "Needs review",
        "note": ""
      }
    },
    {
      "type": "Feature",
      "geometry": {
        "type": "Polygon",
        "coordinates": [
          [
            [
              93.79515093621774,
              24.526394669031426
            ],
            [
              93.79514923006779,
              24.526123745342105
            ],
            [
              93.7948530890589,
              24.526125305906184
            ],
            [
              93.79485138356921,
              24.525854382187557
            ],
            [
              93.7936668218248,
              24.52586061855422
            ],
            [
              93.7936651189011,
              24.525589694747964
            ],
            [
              93.79336897903784,
              24.52559125236726
            ],
            [
              93.79336727677433,
              24.525320328531738
            ],
            [
              93.79307113752135,
              24.525321885550433
            ],
            [
              93.79307283914963,
              24.525592809405374
            ],
            [
              93.79277669923647,
              24.525594365862318
            ],
            [
              93.79277840025443,
              24.52586528972683
            ],
            [
              93.79248225968111,
              24.525866845622005
            ],
            [
              93.79247885894061,
              24.525324997844322
            ],
            [
              93.79218271961285,
              24.525326553119523
            ],
            [
              93.79218101991522,
              24.525055629196522
            ],
            [
              93.7918848811978,
              24.525057183871162
            ],
            [
              93.7918865802602,
              24.525328107813547
            ],
            [
              93.79159044088263,
              24.525329661926417
            ],
            [
              93.7915921393347,
              24.525600585878355
            ],
            [
              93.791295999297,
              24.525602139429427
            ],
            [
              93.79129260368825,
              24.525060291476954
            ],
            [
              93.79099646489614,
              24.525061844408114
            ],
            [
              93.7909947677643,
              24.524790920397752
            ],
            [
              93.79040249137594,
              24.524794024477874
            ],
            [
              93.79039740394087,
              24.523981252271607
            ],
            [
              93.79098967651801,
              24.52397814830765
            ],
            [
              93.79099137357524,
              24.52424907234752
            ],
            [
              93.7912875104617,
              24.524247519474475
            ],
            [
              93.79128581276929,
              24.523976595453973
            ],
            [
              93.79158194899567,
              24.523975042019163
            ],
            [
              93.7915785524151,
              24.523433193987405
            ],
            [
              93.79098628247816,
              24.5234363001984
            ],
            [
              93.79098458549555,
              24.523165376129015
            ],
            [
              93.79068845112495,
              24.523166928343475
            ],
            [
              93.79068675480235,
              24.522896004244892
            ],
            [
              93.79157515593408,
              24.522891345916292
            ],
            [
              93.79157685416214,
              24.523162269956764
            ],
            [
              93.79187298845812,
              24.52316071599898
            ],
            [
              93.79187468734624,
              24.523431640010234
            ],
            [
              93.79217082225247,
              24.523430085451942
            ],
            [
              93.79217422137377,
              24.523971933406152
            ],
            [
              93.79247035752546,
              24.52397037822795
            ],
            [
              93.79247205775866,
              24.524241302170903
            ],
            [
              93.79306433125767,
              24.524238190032285
            ],
            [
              93.79306262975408,
              24.52396726612816
            ],
            [
              93.79335876583099,
              24.52396570920657
            ],
            [
              93.79335536162829,
              24.52342386140764
            ],
            [
              93.79394763116655,
              24.523420745898797
            ],
            [
              93.79394592783227,
              24.523149822023434
            ],
            [
              93.79424206192881,
              24.52314826341678
            ],
            [
              93.79424717391204,
              24.52396103495502
            ],
            [
              93.79572785354753,
              24.523953232913193
            ],
            [
              93.79572443918197,
              24.523411385425515
            ],
            [
              93.79602057376368,
              24.52340982331274
            ],
            [
              93.79601886598326,
              24.523138899573627
            ],
            [
              93.7963149999048,
              24.52313733689922
            ],
            [
              93.79631670832038,
              24.523408260618844
            ],
            [
              93.79661284285203,
              24.523406697343837
            ],
            [
              93.79661455192783,
              24.523677621034114
            ],
            [
              93.79691068706961,
              24.52367605715849
            ],
            [
              93.79690897735864,
              24.52340513348772
            ],
            [
              93.79809351513445,
              24.52339887225212
            ],
            [
              93.79809865196466,
              24.524211643000616
            ],
            [
              93.79839478825144,
              24.524210076180307
            ],
            [
              93.79839650121357,
              24.524480999723913
            ],
            [
              93.79869263811045,
              24.524479432302915
            ],
            [
              93.79869435173289,
              24.52475035581714
            ],
            [
              93.79780593906135,
              24.524755056395335
            ],
            [
              93.79780422734451,
              24.524484132822487
            ],
            [
              93.79750809037238,
              24.52448569850005
            ],
            [
              93.79750466828438,
              24.52394385128578
            ],
            [
              93.79720853255755,
              24.523945416343167
            ],
            [
              93.79721024295381,
              24.524216339974743
            ],
            [
              93.7969141065667,
              24.52421790447052
            ],
            [
              93.79691239680562,
              24.52394698081942
            ],
            [
              93.79632012522666,
              24.523950108028565
            ],
            [
              93.79632183371734,
              24.52422103171867
            ],
            [
              93.7960256972551,
              24.524222594471038
            ],
            [
              93.7960291130412,
              24.524764441860725
            ],
            [
              93.79632525077385,
              24.524762879069367
            ],
            [
              93.79632354223308,
              24.524491955398933
            ],
            [
              93.79661967930548,
              24.524490392045923
            ],
            [
              93.79662309768248,
              24.525032239337943
            ],
            [
              93.79721537429299,
              24.52502911081046
            ],
            [
              93.79721708478952,
              24.525300034402687
            ],
            [
              93.79780936257022,
              24.525296903511524
            ],
            [
              93.79780765080324,
              24.525025979958347
            ],
            [
              93.79839992721314,
              24.525022846781617
            ],
            [
              93.79840335331312,
              24.525564693799964
            ],
            [
              93.79869949275087,
              24.525563126300764
            ],
            [
              93.79870292022176,
              24.526104973240642
            ],
            [
              93.79811063878013,
              24.52610810773607
            ],
            [
              93.79810892630265,
              24.525837184231953
            ],
            [
              93.79781278617945,
              24.52583875058835
            ],
            [
              93.79781107436229,
              24.525567827054854
            ],
            [
              93.79721879531111,
              24.525570957985074
            ],
            [
              93.7972205058578,
              24.525841881557618
            ],
            [
              93.79692436565935,
              24.525843446170487
            ],
            [
              93.79692607559583,
              24.526114369752705
            ],
            [
              93.79603765294445,
              24.526119060162742
            ],
            [
              93.79603936100018,
              24.52638998379363
            ],
            [
              93.79515093621774,
              24.526394669031426
            ]
          ],
          [
            [
              93.7963303765464,
              24.525575650021615
            ],
            [
              93.79662651615969,
              24.525574086590606
            ],
            [
              93.79662309768248,
              24.525032239337943
            ],
            [
              93.7960308209718,
              24.525035365540802
            ],
            [
              93.79603252892741,
              24.52530628921104
            ],
            [
              93.79632866793051,
              24.525304726380703
            ],
            [
              93.7963303765464,
              24.525575650021615
            ]
          ],
          [
            [
              93.79336727677433,
              24.525320328531738
            ],
            [
              93.79366341600236,
              24.52531877093188
            ],
            [
              93.79366171312857,
              24.525047847105952
            ],
            [
              93.79395785169642,
              24.52504628894436
            ],
            [
              93.79395614821236,
              24.52477536512803
            ],
            [
              93.79366001027974,
              24.524776923270185
            ],
            [
              93.79365830745587,
              24.524505999424576
            ],
            [
              93.79336217013349,
              24.524507556966146
            ],
            [
              93.79336387232216,
              24.524778480831184
            ],
            [
              93.79306773433964,
              24.52478003781104
            ],
            [
              93.79306943591804,
              24.525050961685654
            ],
            [
              93.79336557453577,
              24.525049404686385
            ],
            [
              93.79336727677433,
              24.525320328531738
            ]
          ],
          [
            [
              93.7909947677643,
              24.524790920397752
            ],
            [
              93.79188318216029,
              24.52478625991893
            ],
            [
              93.79188148314768,
              24.524515335956867
            ],
            [
              93.79099307065734,
              24.524519996377553
            ],
            [
              93.7909947677643,
              24.524790920397752
            ]
          ]
        ]
      },
      "properties": {
        "region": 48,
        "area_ha": 15.75,
        "longitude": 93.79467237809027,
        "latitude": 24.524704248109202,
        "mean_index_change": 0.15594370663166046,
        "mean_model_score": null,
        "status": "Needs review",
        "note": ""
      }
    },
    {
      "type": "Feature",
      "geometry": {
        "type": "Polygon",
        "coordinates": [
          [
            [
              93.79364638838742,
              24.522609532229875
            ],
            [
              93.79364468576317,
              24.522338608305567
            ],
            [
              93.79394081797922,
              24.52233705033833
            ],
            [
              93.7939425212386,
              24.522607974243204
            ],
            [
              93.79364638838742,
              24.522609532229875
            ]
          ]
        ]
      },
      "properties": {
        "region": 79,
        "area_ha": 0.09,
        "longitude": 93.79379360334211,
        "latitude": 24.522473291353112,
        "mean_index_change": 0.10690945386886597,
        "mean_model_score": null,
        "status": "Needs review",
        "note": ""
      }
    },
    {
      "type": "Feature",
      "geometry": {
        "type": "Polygon",
        "coordinates": [
          [
            [
              93.82651698041238,
              24.522433048179604
            ],
            [
              93.82651343419245,
              24.52189120472413
            ],
            [
              93.82680956294583,
              24.521889582277808
            ],
            [
              93.82680778923975,
              24.521618660555543
            ],
            [
              93.82710391733204,
              24.521617037548413
            ],
            [
              93.82710746604039,
              24.522158880942605
            ],
            [
              93.82740359537688,
              24.522157257313914
            ],
            [
              93.8274018203746,
              24.521886335641998
            ],
            [
              93.82769794904996,
              24.521884711452508
            ],
            [
              93.82769617343861,
              24.521613789791008
            ],
            [
              93.82799230145287,
              24.521612165040725
            ],
            [
              93.8279958539718,
              24.522154008313354
            ],
            [
              93.82769972468735,
              24.522155633104166
            ],
            [
              93.82770150035074,
              24.522426554745977
            ],
            [
              93.82651698041238,
              24.522433048179604
            ]
          ]
        ]
      },
      "properties": {
        "region": 80,
        "area_ha": 0.9,
        "longitude": 93.827225385389,
        "latitude": 24.522076955056672,
        "mean_index_change": 0.13186518847942352,
        "mean_model_score": null,
        "status": "Needs review",
        "note": ""
      }
    },
    {
      "type": "Feature",
      "geometry": {
        "type": "Polygon",
        "coordinates": [
          [
            [
              93.77084077720882,
              24.52218590135858
            ],
            [
              93.77083912353928,
              24.52191497593991
            ],
            [
              93.77172752198618,
              24.521910434640727
            ],
            [
              93.77172917756113,
              24.522181360002744
            ],
            [
              93.77084077720882,
              24.52218590135858
            ]
          ]
        ]
      },
      "properties": {
        "region": 81,
        "area_ha": 0.27,
        "longitude": 93.7712841500981,
        "latitude": 24.522048168640445,
        "mean_index_change": 0.1134868785738945,
        "mean_model_score": null,
        "status": "Needs review",
        "note": ""
      }
    },
    {
      "type": "Feature",
      "geometry": {
        "type": "Polygon",
        "coordinates": [
          [
            [
              93.79423183863658,
              24.521522720074685
            ],
            [
              93.79423013484194,
              24.5212517961499
            ],
            [
              93.7945262644676,
              24.521250237098286
            ],
            [
              93.79452796889734,
              24.521521161003616
            ],
            [
              93.79423183863658,
              24.521522720074685
            ]
          ]
        ]
      },
      "properties": {
        "region": 82,
        "area_ha": 0.09,
        "longitude": 93.79437905171086,
        "latitude": 24.521386478655483,
        "mean_index_change": 0.12508970499038696,
        "mean_model_score": null,
        "status": "Needs review",
        "note": ""
      }
    },
    {
      "type": "Feature",
      "geometry": {
        "type": "Polygon",
        "coordinates": [
          [
            [
              93.79541635952974,
              24.521516480304044
            ],
            [
              93.7954146531947,
              24.5212455564571
            ],
            [
              93.7957107827204,
              24.521243995081253
            ],
            [
              93.79570907577529,
              24.520973071243958
            ],
            [
              93.79600520464088,
              24.520971509306545
            ],
            [
              93.79600691222109,
              24.52124243312436
            ],
            [
              93.79630304169675,
              24.52124087058641
            ],
            [
              93.79630474993706,
              24.521511794374902
            ],
            [
              93.79541635952974,
              24.521516480304044
            ]
          ]
        ]
      },
      "properties": {
        "region": 83,
        "area_ha": 0.36,
        "longitude": 93.79585927429345,
        "latitude": 24.521310945130796,
        "mean_index_change": 0.1381237953901291,
        "mean_model_score": null,
        "status": "Needs review",
        "note": ""
      }
    },
    {
      "type": "Feature",
      "geometry": {
        "type": "Polygon",
        "coordinates": [
          [
            [
              93.79067657738887,
              24.52127045944683
            ],
            [
              93.79067488124028,
              24.520999535279397
            ],
            [
              93.79097101052989,
              24.520997983219825
            ],
            [
              93.79097270731356,
              24.521268907367904
            ],
            [
              93.79067657738887,
              24.52127045944683
            ]
          ]
        ]
      },
      "properties": {
        "region": 84,
        "area_ha": 0.09,
        "longitude": 93.79082379411815,
        "latitude": 24.521134221402352,
        "mean_index_change": 0.10318874567747116,
        "mean_model_score": null,
        "status": "Needs review",
        "note": ""
      }
    },
    {
      "type": "Feature",
      "geometry": {
        "type": "Polygon",
        "coordinates": [
          [
            [
              93.82561973435716,
              24.521083303137672
            ],
            [
              93.82561796326932,
              24.520812381304957
            ],
            [
              93.8259140895603,
              24.520810760682675
            ],
            [
              93.8259158612832,
              24.521081682495172
            ],
            [
              93.82561973435716,
              24.521083303137672
            ]
          ]
        ]
      },
      "properties": {
        "region": 85,
        "area_ha": 0.09,
        "longitude": 93.8257669121175,
        "latitude": 24.52094703197898,
        "mean_index_change": 0.11318094283342361,
        "mean_model_score": null,
        "status": "Needs review",
        "note": ""
      }
    },
    {
      "type": "Feature",
      "geometry": {
        "type": "Polygon",
        "coordinates": [
          [
            [
              93.82946938236795,
              24.521062189464487
            ],
            [
              93.82946760302428,
              24.520791267895163
            ],
            [
              93.829763728977,
              24.52078963971953
            ],
            [
              93.82976550895572,
              24.52106056126855
            ],
            [
              93.82946938236795,
              24.521062189464487
            ]
          ]
        ]
      },
      "properties": {
        "region": 87,
        "area_ha": 0.09,
        "longitude": 93.82961655583122,
        "latitude": 24.5209259146608,
        "mean_index_change": 0.11500014364719391,
        "mean_model_score": null,
        "status": "Needs review",
        "note": ""
      }
    },
    {
      "type": "Feature",
      "geometry": {
        "type": "Polygon",
        "coordinates": [
          [
            [
              93.82739649552384,
              24.521073570567154
            ],
            [
              93.8273929457534,
              24.520531727134703
            ],
            [
              93.82768907125342,
              24.520530103046514
            ],
            [
              93.82768729577217,
              24.520259181335774
            ],
            [
              93.8279834206111,
              24.520257556686836
            ],
            [
              93.8279851967274,
              24.520528478377308
            ],
            [
              93.82828132217536,
              24.520526853127084
            ],
            [
              93.82828487575615,
              24.52106869643793
            ],
            [
              93.82739649552384,
              24.521073570567154
            ]
          ]
        ]
      },
      "properties": {
        "region": 86,
        "area_ha": 0.63,
        "longitude": 93.82783852928237,
        "latitude": 24.52074215782811,
        "mean_index_change": 0.16776558756828308,
        "mean_model_score": null,
        "status": "Needs review",
        "note": ""
      }
    },
    {
      "type": "Feature",
      "geometry": {
        "type": "Polygon",
        "coordinates": [
          [
            [
              93.78415834844445,
              24.520762608981983
            ],
            [
              93.78415666631727,
              24.52049168437075
            ],
            [
              93.78445279488145,
              24.520490145132772
            ],
            [
              93.7844544776437,
              24.520761069724802
            ],
            [
              93.78415834844445,
              24.520762608981983
            ]
          ]
        ]
      },
      "properties": {
        "region": 90,
        "area_ha": 0.09,
        "longitude": 93.78430557182172,
        "latitude": 24.52062637712644,
        "mean_index_change": 0.12343697994947433,
        "mean_model_score": null,
        "status": "Needs review",
        "note": ""
      }
    },
    {
      "type": "Feature",
      "geometry": {
        "type": "Polygon",
        "coordinates": [
          [
            [
              93.82620844349333,
              24.52053821767725
            ],
            [
              93.82620667118732,
              24.520267295865285
            ],
            [
              93.82650279615628,
              24.520265674121404
            ],
            [
              93.82650456909734,
              24.520536595913146
            ],
            [
              93.82620844349333,
              24.52053821767725
            ]
          ]
        ]
      },
      "properties": {
        "region": 91,
        "area_ha": 0.09,
        "longitude": 93.82635561998357,
        "latitude": 24.52040194596813,
        "mean_index_change": 0.10502283275127411,
        "mean_model_score": null,
        "status": "Needs review",
        "note": ""
      }
    },
    {
      "type": "Feature",
      "geometry": {
        "type": "Polygon",
        "coordinates": [
          [
            [
              93.82591054619238,
              24.52026891702814
            ],
            [
              93.82590877454737,
              24.519997995186102
            ],
            [
              93.82620489890728,
              24.519996374043465
            ],
            [
              93.82620667118732,
              24.520267295865285
            ],
            [
              93.82591054619238,
              24.52026891702814
            ]
          ]
        ]
      },
      "properties": {
        "region": 93,
        "area_ha": 0.09,
        "longitude": 93.82605772270858,
        "latitude": 24.520132645604605,
        "mean_index_change": 0.12065751850605011,
        "mean_model_score": null,
        "status": "Needs review",
        "note": ""
      }
    },
    {
      "type": "Feature",
      "geometry": {
        "type": "Polygon",
        "coordinates": [
          [
            [
              93.82887179497172,
              24.52025267925395
            ],
            [
              93.82887001697637,
              24.51998175761448
            ],
            [
              93.8291661410761,
              24.519980130661786
            ],
            [
              93.82916791970649,
              24.520251052280962
            ],
            [
              93.82887179497172,
              24.52025267925395
            ]
          ]
        ]
      },
      "properties": {
        "region": 94,
        "area_ha": 0.09,
        "longitude": 93.82901896818267,
        "latitude": 24.520116405026652,
        "mean_index_change": 0.14569972455501556,
        "mean_model_score": null,
        "status": "Needs review",
        "note": ""
      }
    },
    {
      "type": "Feature",
      "geometry": {
        "type": "Polygon",
        "coordinates": [
          [
            [
              93.79097101052989,
              24.520997983219825
            ],
            [
              93.79096931377109,
              24.520727059061922
            ],
            [
              93.79067318511656,
              24.520728611102122
            ],
            [
              93.79066809689455,
              24.519915838511288
            ],
            [
              93.79126035036835,
              24.51991273396603
            ],
            [
              93.79126204768761,
              24.520183658134087
            ],
            [
              93.79155817502225,
              24.520182104970544
            ],
            [
              93.79155987300145,
              24.52045302910938
            ],
            [
              93.79126374503174,
              24.520454582292295
            ],
            [
              93.79126713979463,
              24.52099643057922
            ],
            [
              93.79097101052989,
              24.520997983219825
            ]
          ]
        ]
      },
      "properties": {
        "region": 88,
        "area_ha": 0.72,
        "longitude": 93.79104122481884,
        "latitude": 24.52038801575591,
        "mean_index_change": 0.1627139300107956,
        "mean_model_score": null,
        "status": "Needs review",
        "note": ""
      }
    },
    {
      "type": "Feature",
      "geometry": {
        "type": "Polygon",
        "coordinates": [
          [
            [
              93.78415498421475,
              24.520220759749687
            ],
            [
              93.78415330213689,
              24.519949835118787
            ],
            [
              93.78444942943092,
              24.519948295919214
            ],
            [
              93.78445111214386,
              24.520219220530915
            ],
            [
              93.78415498421475,
              24.520220759749687
            ]
          ]
        ]
      },
      "properties": {
        "region": 95,
        "area_ha": 0.09,
        "longitude": 93.7843022069816,
        "latitude": 24.520084527903506,
        "mean_index_change": 0.16093376278877258,
        "mean_model_score": null,
        "status": "Needs review",
        "note": ""
      }
    },
    {
      "type": "Feature",
      "geometry": {
        "type": "Polygon",
        "coordinates": [
          [
            [
              93.82146690603838,
              24.520022242604774
            ],
            [
              93.82146338187697,
              24.519480398286184
            ],
            [
              93.8217595053553,
              24.519478785898894
            ],
            [
              93.82176126805813,
              24.519749708043005
            ],
            [
              93.82205739214564,
              24.519748095054595
            ],
            [
              93.82205915550932,
              24.52001901716873
            ],
            [
              93.82146690603838,
              24.520022242604774
            ]
          ]
        ]
      },
      "properties": {
        "region": 96,
        "area_ha": 0.27,
        "longitude": 93.82171220780968,
        "latitude": 24.5197951305082,
        "mean_index_change": 0.12725411355495453,
        "mean_model_score": null,
        "status": "Needs review",
        "note": ""
      }
    },
    {
      "type": "Feature",
      "geometry": {
        "type": "Polygon",
        "coordinates": [
          [
            [
              93.82384120497858,
              24.520822092837044
            ],
            [
              93.82383767050136,
              24.52028024889978
            ],
            [
              93.82354154529898,
              24.520281865414525
            ],
            [
              93.82353801219544,
              24.519740021397542
            ],
            [
              93.82383413612776,
              24.519738404923125
            ],
            [
              93.82383060185775,
              24.519196560907098
            ],
            [
              93.82442284710464,
              24.51919332629597
            ],
            [
              93.82442461549671,
              24.519464248268555
            ],
            [
              93.82412849225122,
              24.51946586588479
            ],
            [
              93.82413026003418,
              24.519736787867714
            ],
            [
              93.82472250776931,
              24.519733552013882
            ],
            [
              93.82472427684824,
              24.520004473946592
            ],
            [
              93.8253165257497,
              24.520001235728362
            ],
            [
              93.82531829612464,
              24.520272157610822
            ],
            [
              93.82591054619238,
              24.52026891702814
            ],
            [
              93.82591231786336,
              24.520539838860334
            ],
            [
              93.82502394081769,
              24.520544698923466
            ],
            [
              93.82502217105184,
              24.52027377703065
            ],
            [
              93.82442992082844,
              24.520277014127238
            ],
            [
              93.8244281523586,
              24.520006092184193
            ],
            [
              93.82413202784306,
              24.520007709840783
            ],
            [
              93.82413556353856,
              24.520549553757398
            ],
            [
              93.82443168932419,
              24.520547936060446
            ],
            [
              93.82443345784586,
              24.520818857983794
            ],
            [
              93.82384120497858,
              24.520822092837044
            ]
          ]
        ]
      },
      "properties": {
        "region": 89,
        "area_ha": 1.62,
        "longitude": 93.82442864359764,
        "latitude": 24.52008134828047,
        "mean_index_change": 0.12490422278642654,
        "mean_model_score": null,
        "status": "Needs review",
        "note": ""
      }
    },
    {
      "type": "Feature",
      "geometry": {
        "type": "Polygon",
        "coordinates": [
          [
            [
              93.80458602708138,
              24.519842267269677
            ],
            [
              93.80458257536431,
              24.519300420662248
            ],
            [
              93.80487869966478,
              24.519298841411683
            ],
            [
              93.80488215265193,
              24.519840687979716
            ],
            [
              93.80458602708138,
              24.519842267269677
            ]
          ]
        ]
      },
      "properties": {
        "region": 98,
        "area_ha": 0.18,
        "longitude": 93.80473236368111,
        "latitude": 24.519570554408375,
        "mean_index_change": 0.12559138238430023,
        "mean_model_score": null,
        "status": "Needs review",
        "note": ""
      }
    },
    {
      "type": "Feature",
      "geometry": {
        "type": "Polygon",
        "coordinates": [
          [
            [
              93.79421991259845,
              24.51962625239464
            ],
            [
              93.79421820897859,
              24.519355328401005
            ],
            [
              93.79451433415883,
              24.51935376948553
            ],
            [
              93.79451603841372,
              24.51962469345972
            ],
            [
              93.79421991259845,
              24.51962625239464
            ]
          ]
        ]
      },
      "properties": {
        "region": 99,
        "area_ha": 0.09,
        "longitude": 93.79436712353741,
        "latitude": 24.519490011009083,
        "mean_index_change": 0.1541365683078766,
        "mean_model_score": null,
        "status": "Needs review",
        "note": ""
      }
    },
    {
      "type": "Feature",
      "geometry": {
        "type": "Polygon",
        "coordinates": [
          [
            [
              93.82116725837281,
              24.519482010092478
            ],
            [
              93.82116549696585,
              24.519211087898313
            ],
            [
              93.821461619835,
              24.519209476112124
            ],
            [
              93.82146338187697,
              24.519480398286184
            ],
            [
              93.82116725837281,
              24.519482010092478
            ]
          ]
        ]
      },
      "properties": {
        "region": 100,
        "area_ha": 0.09,
        "longitude": 93.82131443926265,
        "latitude": 24.519345743171133,
        "mean_index_change": 0.14535309374332428,
        "mean_model_score": null,
        "status": "Needs review",
        "note": ""
      }
    },
    {
      "type": "Feature",
      "geometry": {
        "type": "Polygon",
        "coordinates": [
          [
            [
              93.82886646106381,
              24.519439914305995
            ],
            [
              93.82886468314662,
              24.519168992636985
            ],
            [
              93.82916080534132,
              24.519167365745187
            ],
            [
              93.8291625838935,
              24.5194382873939
            ],
            [
              93.82886646106381,
              24.519439914305995
            ]
          ]
        ]
      },
      "properties": {
        "region": 101,
        "area_ha": 0.09,
        "longitude": 93.82901363336131,
        "latitude": 24.51930364009437,
        "mean_index_change": 0.15201228857040405,
        "mean_model_score": null,
        "status": "Needs review",
        "note": ""
      }
    },
    {
      "type": "Feature",
      "geometry": {
        "type": "Polygon",
        "coordinates": [
          [
            [
              93.79066470487084,
              24.519373990068217
            ],
            [
              93.79066300889626,
              24.51910306583193
            ],
            [
              93.79095913374049,
              24.51910151390789
            ],
            [
              93.79096083035007,
              24.519372438124826
            ],
            [
              93.79066470487084,
              24.519373990068217
            ]
          ]
        ]
      },
      "properties": {
        "region": 102,
        "area_ha": 0.09,
        "longitude": 93.79081191946442,
        "latitude": 24.519237752057073,
        "mean_index_change": 0.20642508566379547,
        "mean_model_score": null,
        "status": "Needs review",
        "note": ""
      }
    },
    {
      "type": "Feature",
      "geometry": {
        "type": "Polygon",
        "coordinates": [
          [
            [
              93.80102908178826,
              24.519319326350956
            ],
            [
              93.80102736358786,
              24.519048402796624
            ],
            [
              93.80161961149943,
              24.519045257697748
            ],
            [
              93.80162133096985,
              24.519316181212844
            ],
            [
              93.80102908178826,
              24.519319326350956
            ]
          ]
        ]
      },
      "properties": {
        "region": 103,
        "area_ha": 0.18,
        "longitude": 93.80132434697079,
        "latitude": 24.51918229230628,
        "mean_index_change": 0.16431021690368652,
        "mean_model_score": null,
        "status": "Needs review",
        "note": ""
      }
    },
    {
      "type": "Feature",
      "geometry": {
        "type": "Polygon",
        "coordinates": [
          [
            [
              93.80250970455323,
              24.519311459148167
            ],
            [
              93.80250798317773,
              24.51904053569198
            ],
            [
              93.80280410702007,
              24.519038960528064
            ],
            [
              93.80280582903058,
              24.519309883964606
            ],
            [
              93.80250970455323,
              24.519311459148167
            ]
          ]
        ]
      },
      "properties": {
        "region": 104,
        "area_ha": 0.09,
        "longitude": 93.8026569059454,
        "latitude": 24.51917520990706,
        "mean_index_change": 0.10622415691614151,
        "mean_model_score": null,
        "status": "Needs review",
        "note": ""
      }
    },
    {
      "type": "Feature",
      "geometry": {
        "type": "Polygon",
        "coordinates": [
          [
            [
              93.821461619835,
              24.519209476112124
            ],
            [
              93.82145985781885,
              24.51893855392822
            ],
            [
              93.82175598002718,
              24.518936941581163
            ],
            [
              93.82175774267833,
              24.519207863744953
            ],
            [
              93.821461619835,
              24.519209476112124
            ]
          ]
        ]
      },
      "properties": {
        "region": 105,
        "area_ha": 0.09,
        "longitude": 93.82160880008983,
        "latitude": 24.51907320891547,
        "mean_index_change": 0.13227006793022156,
        "mean_model_score": null,
        "status": "Needs review",
        "note": ""
      }
    },
    {
      "type": "Feature",
      "geometry": {
        "type": "Polygon",
        "coordinates": [
          [
            [
              93.82650102324119,
              24.51999475231983
            ],
            [
              93.82649925035209,
              24.519723830508397
            ],
            [
              93.8262031266532,
              24.51972545221181
            ],
            [
              93.8262013544251,
              24.519454530370304
            ],
            [
              93.82590523133524,
              24.519456151472493
            ],
            [
              93.82590345976813,
              24.519185229600918
            ],
            [
              93.82560733728731,
              24.5191868501019
            ],
            [
              93.82560379550097,
              24.51864500628878
            ],
            [
              93.82589991671178,
              24.518643385828238
            ],
            [
              93.82590168822698,
              24.5189143077195
            ],
            [
              93.8261978100468,
              24.518912686657757
            ],
            [
              93.82619603789664,
              24.518641764786718
            ],
            [
              93.82649215905552,
              24.518640143164234
            ],
            [
              93.82649393184069,
              24.518911065015036
            ],
            [
              93.82738229706636,
              24.51890619660102
            ],
            [
              93.82738407178252,
              24.519177118381247
            ],
            [
              93.82708794943161,
              24.51917874178715
            ],
            [
              93.82709149767192,
              24.519720585358577
            ],
            [
              93.826795374025,
              24.51972220822399
            ],
            [
              93.82679714754912,
              24.519993130015173
            ],
            [
              93.82650102324119,
              24.51999475231983
            ]
          ]
        ]
      },
      "properties": {
        "region": 97,
        "area_ha": 1.44,
        "longitude": 93.82647752939833,
        "latitude": 24.51923288607128,
        "mean_index_change": 0.1567392647266388,
        "mean_model_score": null,
        "status": "Needs review",
        "note": ""
      }
    },
    {
      "type": "Feature",
      "geometry": {
        "type": "Polygon",
        "coordinates": [
          [
            [
              93.7903668840272,
              24.51910461717496
            ],
            [
              93.79036518871249,
              24.51883369290948
            ],
            [
              93.79066131294654,
              24.518832141585804
            ],
            [
              93.79066300889626,
              24.51910306583193
            ],
            [
              93.7903668840272,
              24.51910461717496
            ]
          ]
        ]
      },
      "properties": {
        "region": 106,
        "area_ha": 0.09,
        "longitude": 93.79051409864562,
        "latitude": 24.518968379449394,
        "mean_index_change": 0.1127290278673172,
        "mean_model_score": null,
        "status": "Needs review",
        "note": ""
      }
    },
    {
      "type": "Feature",
      "geometry": {
        "type": "Polygon",
        "coordinates": [
          [
            [
              93.80576534405371,
              24.519023176934393
            ],
            [
              93.80576361571836,
              24.518752253684927
            ],
            [
              93.80605973864755,
              24.51875067214984
            ],
            [
              93.8060614676179,
              24.51902159537957
            ],
            [
              93.80576534405371,
              24.519023176934393
            ]
          ]
        ]
      },
      "properties": {
        "region": 107,
        "area_ha": 0.09,
        "longitude": 93.80591254150939,
        "latitude": 24.51888692461104,
        "mean_index_change": 0.17603808641433716,
        "mean_model_score": null,
        "status": "Needs review",
        "note": ""
      }
    },
    {
      "type": "Feature",
      "geometry": {
        "type": "Polygon",
        "coordinates": [
          [
            [
              93.78977294016984,
              24.518836793813858
            ],
            [
              93.78977124615,
              24.51856586949986
            ],
            [
              93.79006736979875,
              24.51856431935751
            ],
            [
              93.79006906445359,
              24.518835243652166
            ],
            [
              93.78977294016984,
              24.518836793813858
            ]
          ]
        ]
      },
      "properties": {
        "region": 109,
        "area_ha": 0.09,
        "longitude": 93.78992015514304,
        "latitude": 24.5187005566547,
        "mean_index_change": 0.11886025965213776,
        "mean_model_score": null,
        "status": "Needs review",
        "note": ""
      }
    },
    {
      "type": "Feature",
      "geometry": {
        "type": "Polygon",
        "coordinates": [
          [
            [
              93.79066131294654,
              24.518832141585804
            ],
            [
              93.79065961702169,
              24.518561217329843
            ],
            [
              93.79125186414521,
              24.51855811297824
            ],
            [
              93.79125356134008,
              24.51882903719547
            ],
            [
              93.79066131294654,
              24.518832141585804
            ]
          ]
        ]
      },
      "properties": {
        "region": 110,
        "area_ha": 0.18,
        "longitude": 93.7909565888727,
        "latitude": 24.518695127564065,
        "mean_index_change": 0.11164780706167221,
        "mean_model_score": null,
        "status": "Needs review",
        "note": ""
      }
    },
    {
      "type": "Feature",
      "geometry": {
        "type": "Polygon",
        "coordinates": [
          [
            [
              93.7921419337438,
              24.51882437625251
            ],
            [
              93.7921402346439,
              24.518553452093432
            ],
            [
              93.79243635809368,
              24.51855189730319
            ],
            [
              93.79243805782859,
              24.518822821442875
            ],
            [
              93.7921419337438,
              24.51882437625251
            ]
          ]
        ]
      },
      "properties": {
        "region": 111,
        "area_ha": 0.09,
        "longitude": 93.7922891460775,
        "latitude": 24.518688136846855,
        "mean_index_change": 0.11632193624973297,
        "mean_model_score": null,
        "status": "Needs review",
        "note": ""
      }
    },
    {
      "type": "Feature",
      "geometry": {
        "type": "Polygon",
        "coordinates": [
          [
            [
              93.7835526438056,
              24.518598288280945
            ],
            [
              93.78355096314567,
              24.518327363552658
            ],
            [
              93.78414321018735,
              24.518324287126887
            ],
            [
              93.78414489211731,
              24.518595211816784
            ],
            [
              93.7835526438056,
              24.518598288280945
            ]
          ]
        ]
      },
      "properties": {
        "region": 113,
        "area_ha": 0.18,
        "longitude": 93.78384792732322,
        "latitude": 24.51846128798604,
        "mean_index_change": 0.37950369715690613,
        "mean_model_score": null,
        "status": "Needs review",
        "note": ""
      }
    },
    {
      "type": "Feature",
      "geometry": {
        "type": "Polygon",
        "coordinates": [
          [
            [
              93.78917899877806,
              24.5185689680416
            ],
            [
              93.78917730605306,
              24.51829804367911
            ],
            [
              93.78947342911644,
              24.518296494718058
            ],
            [
              93.78947512247645,
              24.518567419061224
            ],
            [
              93.78917899877806,
              24.5185689680416
            ]
          ]
        ]
      },
      "properties": {
        "region": 114,
        "area_ha": 0.09,
        "longitude": 93.789326214106,
        "latitude": 24.518432731448847,
        "mean_index_change": 0.12661206722259521,
        "mean_model_score": null,
        "status": "Needs review",
        "note": ""
      }
    },
    {
      "type": "Feature",
      "geometry": {
        "type": "Polygon",
        "coordinates": [
          [
            [
              93.82441754208392,
              24.51838056031915
            ],
            [
              93.82441223729646,
              24.51756779425373
            ],
            [
              93.82470835607117,
              24.51756617619781
            ],
            [
              93.82471012494268,
              24.517837098209277
            ],
            [
              93.82500624432642,
              24.51783547955222
            ],
            [
              93.82500801385885,
              24.518106401533643
            ],
            [
              93.82471189384015,
              24.518108020210896
            ],
            [
              93.82471366276351,
              24.518378942202673
            ],
            [
              93.82441754208392,
              24.51838056031915
            ]
          ]
        ]
      },
      "properties": {
        "region": 115,
        "area_ha": 0.36,
        "longitude": 93.82463697945882,
        "latitude": 24.517972963787333,
        "mean_index_change": 0.13093310594558716,
        "mean_model_score": null,
        "status": "Needs review",
        "note": ""
      }
    },
    {
      "type": "Feature",
      "geometry": {
        "type": "Polygon",
        "coordinates": [
          [
            [
              93.78888118296486,
              24.518299592059183
            ],
            [
              93.78887779885926,
              24.517757743266063
            ],
            [
              93.78917392067747,
              24.517756194924626
            ],
            [
              93.78917730605306,
              24.51829804367911
            ],
            [
              93.78888118296486,
              24.518299592059183
            ]
          ]
        ]
      },
      "properties": {
        "region": 116,
        "area_ha": 0.18,
        "longitude": 93.78902755212937,
        "latitude": 24.518027893559786,
        "mean_index_change": 0.13418276607990265,
        "mean_model_score": null,
        "status": "Needs review",
        "note": ""
      }
    },
    {
      "type": "Feature",
      "geometry": {
        "type": "Polygon",
        "coordinates": [
          [
            [
              93.81020024356286,
              24.517915700738115
            ],
            [
              93.81019850580435,
              24.51764477774601
            ],
            [
              93.81049462581254,
              24.51764318757555
            ],
            [
              93.81049636420602,
              24.51791411054781
            ],
            [
              93.81020024356286,
              24.517915700738115
            ]
          ]
        ]
      },
      "properties": {
        "region": 117,
        "area_ha": 0.09,
        "longitude": 93.81034743484645,
        "latitude": 24.51777944422572,
        "mean_index_change": 0.10749691724777222,
        "mean_model_score": null,
        "status": "Needs review",
        "note": ""
      }
    },
    {
      "type": "Feature",
      "geometry": {
        "type": "Polygon",
        "coordinates": [
          [
            [
              93.78832952323434,
              24.52480487045194
            ],
            [
              93.7883278318443,
              24.524533946257737
            ],
            [
              93.78803169407435,
              24.524535493338686
            ],
            [
              93.7880300033443,
              24.524264569115353
            ],
            [
              93.78773386618478,
              24.524266115595868
            ],
            [
              93.78773217611472,
              24.523995191343406
            ],
            [
              93.78713990299177,
              24.523998282522456
            ],
            [
              93.78713821421684,
              24.5237273582216
            ],
            [
              93.78654594226528,
              24.523730447037586
            ],
            [
              93.78654762976983,
              24.52400137137697
            ],
            [
              93.78625149312175,
              24.524002914932527
            ],
            [
              93.78625318001583,
              24.52427383928133
            ],
            [
              93.78595704270785,
              24.524275382275
            ],
            [
              93.78595535644897,
              24.524004457906948
            ],
            [
              93.78565921975147,
              24.52400600030024
            ],
            [
              93.7856558485782,
              24.523464151496153
            ],
            [
              93.78447130662273,
              24.523470315104184
            ],
            [
              93.78446962361384,
              24.523199390610504
            ],
            [
              93.78417348869847,
              24.52320093004051
            ],
            [
              93.78417517107218,
              24.523471854553392
            ],
            [
              93.78387903549698,
              24.523473393421476
            ],
            [
              93.7838840808605,
              24.5242861669587
            ],
            [
              93.78358794335507,
              24.524287705303234
            ],
            [
              93.78358626217778,
              24.524016780781466
            ],
            [
              93.78329012528292,
              24.524018318525677
            ],
            [
              93.78328676427263,
              24.523476469414284
            ],
            [
              93.78358289989711,
              24.52347493170844
            ],
            [
              93.783579537715,
              24.522933082596065
            ],
            [
              93.78328340336085,
              24.522934620263545
            ],
            [
              93.78328004254759,
              24.522392771073473
            ],
            [
              93.78387230869066,
              24.522389695234146
            ],
            [
              93.78387399035526,
              24.522660619795737
            ],
            [
              93.78476239129046,
              24.522656001620934
            ],
            [
              93.78476070772041,
              24.522385077116965
            ],
            [
              93.78446457473515,
              24.522386617070445
            ],
            [
              93.78446120893935,
              24.521844767994573
            ],
            [
              93.78416507719969,
              24.521846307328566
            ],
            [
              93.7841633949739,
              24.52157538275667
            ],
            [
              93.78505178821352,
              24.5215707630691
            ],
            [
              93.7850467359682,
              24.520757989467292
            ],
            [
              93.78475060681829,
              24.520759529886575
            ],
            [
              93.78474892342095,
              24.520488605313755
            ],
            [
              93.7850450519358,
              24.52048706491369
            ],
            [
              93.78504336792807,
              24.52021614035026
            ],
            [
              93.78474724004829,
              24.5202176807311
            ],
            [
              93.7847455567003,
              24.51994675613862
            ],
            [
              93.78444942943092,
              24.519948295919214
            ],
            [
              93.78444774674266,
              24.51967737129768
            ],
            [
              93.78503999998664,
              24.519674291193876
            ],
            [
              93.78504168394501,
              24.51994521577699
            ],
            [
              93.78533781116504,
              24.519943674834334
            ],
            [
              93.78533612657161,
              24.519672750270452
            ],
            [
              93.7859283796675,
              24.51966966668053
            ],
            [
              93.785930065531,
              24.51994059120595
            ],
            [
              93.78622619267693,
              24.519939048520214
            ],
            [
              93.78622450617837,
              24.519668124014046
            ],
            [
              93.78652063266453,
              24.519666580766543
            ],
            [
              93.78651894555564,
              24.519395656269793
            ],
            [
              93.78622281970452,
              24.519397199498048
            ],
            [
              93.78622113325538,
              24.51912627497221
            ],
            [
              93.78592500801457,
              24.519127817600204
            ],
            [
              93.78592669382869,
              24.519398742145285
            ],
            [
              93.78563056792812,
              24.519400284211518
            ],
            [
              93.78562888274905,
              24.519129359647195
            ],
            [
              93.78533275745883,
              24.519130901113183
            ],
            [
              93.78532770397486,
              24.51831812730353
            ],
            [
              93.78562382736001,
              24.51831658589523
            ],
            [
              93.78562214227975,
              24.518045661291573
            ],
            [
              93.78591826500522,
              24.51804411932154
            ],
            [
              93.78591489364881,
              24.517502270123202
            ],
            [
              93.78621101507962,
              24.517500727610674
            ],
            [
              93.78621270138045,
              24.517771652195513
            ],
            [
              93.78739718939637,
              24.51776547625876
            ],
            [
              93.78739550055565,
              24.517494551750968
            ],
            [
              93.78828386440277,
              24.517489913756116
            ],
            [
              93.7882906275341,
              24.518573611496805
            ],
            [
              93.78858675130688,
              24.518572064259388
            ],
            [
              93.78859182582063,
              24.519384837403734
            ],
            [
              93.78918407710194,
              24.51938174107006
            ],
            [
              93.78918576992618,
              24.519652665393213
            ],
            [
              93.78977802237831,
              24.51964956669684
            ],
            [
              93.78978141064144,
              24.520191415236326
            ],
            [
              93.79037366553446,
              24.52018831413852
            ],
            [
              93.79037705643718,
              24.520730162561275
            ],
            [
              93.79008092773294,
              24.520731713439393
            ],
            [
              93.79008262258651,
              24.521002637655364
            ],
            [
              93.79037875192581,
              24.521001086757906
            ],
            [
              93.7903804474393,
              24.5212720109447
            ],
            [
              93.78949205744158,
              24.521276661951937
            ],
            [
              93.78949544473244,
              24.521818510412057
            ],
            [
              93.78919931341333,
              24.521820059624336
            ],
            [
              93.78920100646089,
              24.522090983858966
            ],
            [
              93.7894971384151,
              24.52208943462736
            ],
            [
              93.7894988321226,
              24.522360358832827
            ],
            [
              93.79068336223175,
              24.522354156018217
            ],
            [
              93.79067996976059,
              24.521812307752196
            ],
            [
              93.79038383854082,
              24.521813859288773
            ],
            [
              93.79038214297763,
              24.52154293512165
            ],
            [
              93.7909744041221,
              24.52153983150615
            ],
            [
              93.7909761009555,
              24.521810755634544
            ],
            [
              93.79156836327071,
              24.521807649656033
            ],
            [
              93.79156666516708,
              24.52153672556637
            ],
            [
              93.79186279565225,
              24.52153517172489
            ],
            [
              93.79186959075658,
              24.522618867946964
            ],
            [
              93.79216572375735,
              24.52261731344685
            ],
            [
              93.79216742323081,
              24.52288823745839
            ],
            [
              93.79157515593408,
              24.522891345916292
            ],
            [
              93.79157175955262,
              24.522349497805838
            ],
            [
              93.79127562713721,
              24.52235105112438
            ],
            [
              93.79127732468035,
              24.522621975203908
            ],
            [
              93.79068505850462,
              24.522625080136468
            ],
            [
              93.79068675480235,
              24.522896004244892
            ],
            [
              93.7900944872569,
              24.522899106891774
            ],
            [
              93.79009279222946,
              24.522628182744658
            ],
            [
              93.78920439263041,
              24.52263283229871
            ],
            [
              93.78920269953323,
              24.522361908083752
            ],
            [
              93.78861043428007,
              24.522365004842356
            ],
            [
              93.78861212610697,
              24.52263592909594
            ],
            [
              93.78831599280804,
              24.522637476622908
            ],
            [
              93.78832444913859,
              24.523992097839823
            ],
            [
              93.78862058561334,
              24.523990550216336
            ],
            [
              93.78862566161473,
              24.524803322770534
            ],
            [
              93.78832952323434,
              24.52480487045194
            ]
          ],
          [
            [
              93.78713821421684,
              24.5237273582216
            ],
            [
              93.7877304860694,
              24.523724267081107
            ],
            [
              93.7877271060531,
              24.52318241852701
            ],
            [
              93.78743097140955,
              24.52318396434925
            ],
            [
              93.78743266077015,
              24.523454888650505
            ],
            [
              93.78713652546665,
              24.523456433910912
            ],
            [
              93.78713821421684,
              24.5237273582216
            ]
          ],
          [
            [
              93.78476575850455,
              24.523197850599388
            ],
            [
              93.78506189337061,
              24.523196310007155
            ],
            [
              93.78506020911605,
              24.522925385542063
            ],
            [
              93.78476407488517,
              24.52292692611508
            ],
            [
              93.78476575850455,
              24.523197850599388
            ]
          ],
          [
            [
              93.78594186726751,
              24.521837062608462
            ],
            [
              93.78653413042586,
              24.52183397638649
            ],
            [
              93.78653244311914,
              24.521563051968414
            ],
            [
              93.78682857402612,
              24.52156150800507
            ],
            [
              93.78682688610904,
              24.52129058359642
            ],
            [
              93.78712301635618,
              24.521289039071277
            ],
            [
              93.78711963932602,
              24.52074719026302
            ],
            [
              93.78682351034907,
              24.52074873474963
            ],
            [
              93.7868218225062,
              24.520477810311483
            ],
            [
              93.78652569413957,
              24.520479354197782
            ],
            [
              93.78652738134737,
              24.520750278655193
            ],
            [
              93.78593512326982,
              24.52075336472318
            ],
            [
              93.78593680923218,
              24.521024289209254
            ],
            [
              93.78564067952125,
              24.521025831390904
            ],
            [
              93.78563562361354,
              24.52021305784547
            ],
            [
              93.78533949578315,
              24.520214599388385
            ],
            [
              93.78534623450248,
              24.52129829750622
            ],
            [
              93.78564236487323,
              24.52129675588639
            ],
            [
              93.78564405024989,
              24.521567680372033
            ],
            [
              93.78594018123101,
              24.521566138151893
            ],
            [
              93.78594186726751,
              24.521837062608462
            ]
          ],
          [
            [
              93.78682013468804,
              24.520206885863495
            ],
            [
              93.78711626239485,
              24.520205341415426
            ],
            [
              93.78711457396639,
              24.51993441697687
            ],
            [
              93.78681844689464,
              24.519935961405675
            ],
            [
              93.78682013468804,
              24.520206885863495
            ]
          ]
        ]
      },
      "properties": {
        "region": 64,
        "area_ha": 29.79,
        "longitude": 93.78729182095216,
        "latitude": 24.521170699423568,
        "mean_index_change": 0.19302892684936523,
        "mean_model_score": null,
        "status": "Needs review",
        "note": ""
      }
    },
    {
      "type": "Feature",
      "geometry": {
        "type": "Polygon",
        "coordinates": [
          [
            [
              93.82855967490568,
              24.51781601035362
            ],
            [
              93.82855612067993,
              24.51727416684702
            ],
            [
              93.8291483562058,
              24.517270913928492
            ],
            [
              93.82915013457554,
              24.51754183564613
            ],
            [
              93.82885401619069,
              24.517543462416153
            ],
            [
              93.82885579395153,
              24.51781438414424
            ],
            [
              93.82855967490568,
              24.51781601035362
            ]
          ]
        ]
      },
      "properties": {
        "region": 118,
        "area_ha": 0.27,
        "longitude": 93.8288043668507,
        "latitude": 24.517498579865148,
        "mean_index_change": 0.1352553367614746,
        "mean_model_score": null,
        "status": "Needs review",
        "note": ""
      }
    },
    {
      "type": "Feature",
      "geometry": {
        "type": "Polygon",
        "coordinates": [
          [
            [
              93.78029025538096,
              24.517802392446843
            ],
            [
              93.78028858177967,
              24.517531467478488
            ],
            [
              93.78058470367831,
              24.51752993600424
            ],
            [
              93.78058637791459,
              24.517800860953493
            ],
            [
              93.78029025538096,
              24.517802392446843
            ]
          ]
        ]
      },
      "properties": {
        "region": 119,
        "area_ha": 0.09,
        "longitude": 93.78043747968839,
        "latitude": 24.517666164294614,
        "mean_index_change": 0.11779244244098663,
        "mean_model_score": null,
        "status": "Needs review",
        "note": ""
      }
    },
    {
      "type": "Feature",
      "geometry": {
        "type": "Polygon",
        "coordinates": [
          [
            [
              93.79065452939624,
              24.517748444502956
            ],
            [
              93.7906528335708,
              24.517477520207663
            ],
            [
              93.79094895460506,
              24.517475968399793
            ],
            [
              93.79095065106546,
              24.51774689267573
            ],
            [
              93.79065452939624,
              24.517748444502956
            ]
          ]
        ]
      },
      "properties": {
        "region": 120,
        "area_ha": 0.09,
        "longitude": 93.79080174215939,
        "latitude": 24.517612206520386,
        "mean_index_change": 0.11436695605516434,
        "mean_model_score": null,
        "status": "Needs review",
        "note": ""
      }
    },
    {
      "type": "Feature",
      "geometry": {
        "type": "Polygon",
        "coordinates": [
          [
            [
              93.78266427115334,
              24.518602898619747
            ],
            [
              93.78266259239841,
              24.51833197383396
            ],
            [
              93.78236646876677,
              24.51833350943241
            ],
            [
              93.78236479067144,
              24.51806258461762
            ],
            [
              93.78177254460437,
              24.518065654033293
            ],
            [
              93.7817742214297,
              24.518336578886384
            ],
            [
              93.7814780977243,
              24.518338112741894
            ],
            [
              93.78147474536819,
              24.51779626298761
            ],
            [
              93.7811786229082,
              24.517797796223878
            ],
            [
              93.78117694740199,
              24.517526871312864
            ],
            [
              93.78147306922699,
              24.517525338095723
            ],
            [
              93.78147139311035,
              24.517254413194003
            ],
            [
              93.78176751427581,
              24.51725287941504
            ],
            [
              93.78176583754879,
              24.516981954522628
            ],
            [
              93.78206195805471,
              24.51698042018185
            ],
            [
              93.7820636354167,
              24.517251345055126
            ],
            [
              93.782359756533,
              24.51724981011425
            ],
            [
              93.78236311260069,
              24.517791659792998
            ],
            [
              93.78265923496235,
              24.51779012423285
            ],
            [
              93.78265755628124,
              24.51751919941755
            ],
            [
              93.78324979966078,
              24.517516126592685
            ],
            [
              93.78325315958755,
              24.51805797613678
            ],
            [
              93.78354928251035,
              24.518056438814547
            ],
            [
              93.78355096314567,
              24.518327363552658
            ],
            [
              93.78295871600544,
              24.518330437654505
            ],
            [
              93.78296039539538,
              24.51860136242114
            ],
            [
              93.78266427115334,
              24.518602898619747
            ]
          ]
        ]
      },
      "properties": {
        "region": 112,
        "area_ha": 1.98,
        "longitude": 93.78232296109131,
        "latitude": 24.517828813437752,
        "mean_index_change": 0.2449934333562851,
        "mean_model_score": null,
        "status": "Needs review",
        "note": ""
      }
    },
    {
      "type": "Feature",
      "geometry": {
        "type": "Polygon",
        "coordinates": [
          [
            [
              93.80665371467026,
              24.519018430526955
            ],
            [
              93.80665198442989,
              24.51874750733671
            ],
            [
              93.80694810728305,
              24.518745924058663
            ],
            [
              93.80694637643305,
              24.518475000878325
            ],
            [
              93.8066502542149,
              24.518476584136614
            ],
            [
              93.80664852402526,
              24.518205660926686
            ],
            [
              93.80605628078288,
              24.518208825660853
            ],
            [
              93.80605800970255,
              24.51847974891026
            ],
            [
              93.80576188740835,
              24.518481330425622
            ],
            [
              93.80576361571836,
              24.518752253684927
            ],
            [
              93.80487524677885,
              24.518756994804296
            ],
            [
              93.80487352037383,
              24.51848607148584
            ],
            [
              93.80428127555761,
              24.51848922928777
            ],
            [
              93.80427955044789,
              24.51821830592008
            ],
            [
              93.80398342863684,
              24.518219883929888
            ],
            [
              93.80398170418736,
              24.517948960532674
            ],
            [
              93.80368558298602,
              24.517950537941836
            ],
            [
              93.8036838591968,
              24.517679614515103
            ],
            [
              93.80338773860517,
              24.51768119132363
            ],
            [
              93.80338429237243,
              24.5171393444013
            ],
            [
              93.80368041169415,
              24.51713776763212
            ],
            [
              93.80368213543284,
              24.51740869107853
            ],
            [
              93.80427437527038,
              24.517405535757977
            ],
            [
              93.8042726502618,
              24.517134612350937
            ],
            [
              93.8045687695077,
              24.51713303383893
            ],
            [
              93.80456704388943,
              24.516862110441743
            ],
            [
              93.80486316247512,
              24.516860531368494
            ],
            [
              93.80486488872832,
              24.517131454745982
            ],
            [
              93.80545712709362,
              24.517128294817272
            ],
            [
              93.80545885464203,
              24.5173992181455
            ],
            [
              93.80575497442165,
              24.517397637290006
            ],
            [
              93.80575670263033,
              24.51766856058867
            ],
            [
              93.80664506372207,
              24.5176638144773
            ],
            [
              93.806646793861,
              24.517934737706916
            ],
            [
              93.80753515662943,
              24.517929986307674
            ],
            [
              93.80754035291321,
              24.518742755759636
            ],
            [
              93.80724423011081,
              24.51874434019964
            ],
            [
              93.80724596162118,
              24.519015263350386
            ],
            [
              93.80665371467026,
              24.519018430526955
            ]
          ]
        ]
      },
      "properties": {
        "region": 108,
        "area_ha": 4.68,
        "longitude": 93.8054169520567,
        "latitude": 24.517972568316942,
        "mean_index_change": 0.16143964231014252,
        "mean_model_score": null,
        "status": "Needs review",
        "note": ""
      }
    },
    {
      "type": "Feature",
      "geometry": {
        "type": "Polygon",
        "coordinates": [
          [
            [
              93.76992264858728,
              24.517313777425922
            ],
            [
              93.76992099725884,
              24.517042851773727
            ],
            [
              93.77021711874052,
              24.51704134067104
            ],
            [
              93.77021877070395,
              24.517312266304387
            ],
            [
              93.76992264858728,
              24.517313777425922
            ]
          ]
        ]
      },
      "properties": {
        "region": 124,
        "area_ha": 0.09,
        "longitude": 93.77006988382264,
        "latitude": 24.517177559117613,
        "mean_index_change": 0.11873212456703186,
        "mean_model_score": null,
        "status": "Needs review",
        "note": ""
      }
    },
    {
      "type": "Feature",
      "geometry": {
        "type": "Polygon",
        "coordinates": [
          [
            [
              93.82055917098332,
              24.517046931498452
            ],
            [
              93.82055741107854,
              24.516776009175494
            ],
            [
              93.81996517658901,
              24.516779228319475
            ],
            [
              93.81996341797988,
              24.516508305946523
            ],
            [
              93.82085176777073,
              24.516503476419416
            ],
            [
              93.82085528882433,
              24.51704532103498
            ],
            [
              93.82055917098332,
              24.517046931498452
            ]
          ]
        ]
      },
      "properties": {
        "region": 125,
        "area_ha": 0.36,
        "longitude": 93.82048294184051,
        "latitude": 24.51670868111204,
        "mean_index_change": 0.14343398809432983,
        "mean_model_score": null,
        "status": "Needs review",
        "note": ""
      }
    },
    {
      "type": "Feature",
      "geometry": {
        "type": "Polygon",
        "coordinates": [
          [
            [
              93.78857998563561,
              24.517488366595916
            ],
            [
              93.78857829427977,
              24.51721744215545
            ],
            [
              93.78887441485286,
              24.517215894433605
            ],
            [
              93.78887103094563,
              24.516674045561807
            ],
            [
              93.78916715022402,
              24.516672497297634
            ],
            [
              93.78916545767267,
              24.516401572866304
            ],
            [
              93.78946157629132,
              24.51640002404052
            ],
            [
              93.7894632694776,
              24.516670948452532
            ],
            [
              93.78975938870634,
              24.51666939902649
            ],
            [
              93.78976108255239,
              24.516940323409333
            ],
            [
              93.78916884280017,
              24.516943421719134
            ],
            [
              93.7891722280269,
              24.517485270532628
            ],
            [
              93.78857998563561,
              24.517488366595916
            ]
          ]
        ]
      },
      "properties": {
        "region": 122,
        "area_ha": 0.63,
        "longitude": 93.78914781227462,
        "latitude": 24.516962884074196,
        "mean_index_change": 0.13261708617210388,
        "mean_model_score": null,
        "status": "Needs review",
        "note": ""
      }
    },
    {
      "type": "Feature",
      "geometry": {
        "type": "Polygon",
        "coordinates": [
          [
            [
              93.80634375502375,
              24.516852627288273
            ],
            [
              93.80634029624399,
              24.51631078070101
            ],
            [
              93.80663641340784,
              24.516309198181656
            ],
            [
              93.80663987345747,
              24.51685104472943
            ],
            [
              93.80634375502375,
              24.516852627288273
            ]
          ]
        ]
      },
      "properties": {
        "region": 126,
        "area_ha": 0.18,
        "longitude": 93.80649008452376,
        "latitude": 24.516580912802628,
        "mean_index_change": 0.1695578396320343,
        "mean_model_score": null,
        "status": "Needs review",
        "note": ""
      }
    },
    {
      "type": "Feature",
      "geometry": {
        "type": "Polygon",
        "coordinates": [
          [
            [
              93.8273716493157,
              24.51728066571289
            ],
            [
              93.82736810027356,
              24.51673882200475
            ],
            [
              93.82707198363731,
              24.516740445228386
            ],
            [
              93.82707020979016,
              24.516469523339293
            ],
            [
              93.8273663257915,
              24.516467900135915
            ],
            [
              93.82736455133544,
              24.516196978257227
            ],
            [
              93.82766066667587,
              24.5161953544932
            ],
            [
              93.82766244176683,
              24.516466276351625
            ],
            [
              93.82795855771613,
              24.516464651986418
            ],
            [
              93.82796033346801,
              24.51673557381473
            ],
            [
              93.82825645002622,
              24.516733948848344
            ],
            [
              93.82825822643905,
              24.517004870646534
            ],
            [
              93.8276659920268,
              24.517008120038938
            ],
            [
              93.82766776719579,
              24.517279041867827
            ],
            [
              93.8273716493157,
              24.51728066571289
            ]
          ]
        ]
      },
      "properties": {
        "region": 123,
        "area_ha": 0.72,
        "longitude": 93.82762720230893,
        "latitude": 24.516737401207536,
        "mean_index_change": 0.13709935545921326,
        "mean_model_score": null,
        "status": "Needs review",
        "note": ""
      }
    },
    {
      "type": "Feature",
      "geometry": {
        "type": "Polygon",
        "coordinates": [
          [
            [
              93.78857491164246,
              24.516675593245044
            ],
            [
              93.78857322036099,
              24.516404668775078
            ],
            [
              93.78886933902923,
              24.516403121111153
            ],
            [
              93.78887103094563,
              24.516674045561807
            ],
            [
              93.78857491164246,
              24.516675593245044
            ]
          ]
        ]
      },
      "properties": {
        "region": 128,
        "area_ha": 0.09,
        "longitude": 93.78872212549457,
        "latitude": 24.516539357247115,
        "mean_index_change": 0.10281852632761002,
        "mean_model_score": null,
        "status": "Needs review",
        "note": ""
      }
    },
    {
      "type": "Feature",
      "geometry": {
        "type": "Polygon",
        "coordinates": [
          [
            [
              93.81048941078497,
              24.5168304185997
            ],
            [
              93.81048419598667,
              24.51601764953529
            ],
            [
              93.81166866052621,
              24.516011283520477
            ],
            [
              93.81167040130646,
              24.51628220647236
            ],
            [
              93.81107816781788,
              24.516285390681315
            ],
            [
              93.8110799073538,
              24.516556313663084
            ],
            [
              93.81078378993634,
              24.51655790491604
            ],
            [
              93.81078552886284,
              24.51682882790782
            ],
            [
              93.81048941078497,
              24.5168304185997
            ]
          ]
        ]
      },
      "properties": {
        "region": 127,
        "area_ha": 0.63,
        "longitude": 93.81093023365884,
        "latitude": 24.51630553801307,
        "mean_index_change": 0.17671939730644226,
        "mean_model_score": null,
        "status": "Needs review",
        "note": ""
      }
    },
    {
      "type": "Feature",
      "geometry": {
        "type": "Polygon",
        "coordinates": [
          [
            [
              93.80337912321272,
              24.516326573944013
            ],
            [
              93.80337740021,
              24.516055650438577
            ],
            [
              93.803673516992,
              24.51605407374809
            ],
            [
              93.80367524062964,
              24.516324997233852
            ],
            [
              93.80337912321272,
              24.516326573944013
            ]
          ]
        ]
      },
      "properties": {
        "region": 129,
        "area_ha": 0.09,
        "longitude": 93.8035263202611,
        "latitude": 24.51619032391498,
        "mean_index_change": 0.12025554478168488,
        "mean_model_score": null,
        "status": "Needs review",
        "note": ""
      }
    },
    {
      "type": "Feature",
      "geometry": {
        "type": "Polygon",
        "coordinates": [
          [
            [
              93.8057480618402,
              24.51631394399696
            ],
            [
              93.80574633375818,
              24.516043020649096
            ],
            [
              93.80604245033781,
              24.516041439311312
            ],
            [
              93.80604417905477,
              24.516312362639443
            ],
            [
              93.8057480618402,
              24.51631394399696
            ]
          ]
        ]
      },
      "properties": {
        "region": 130,
        "area_ha": 0.09,
        "longitude": 93.80589525624774,
        "latitude": 24.516177691723048,
        "mean_index_change": 0.1180981695652008,
        "mean_model_score": null,
        "status": "Needs review",
        "note": ""
      }
    },
    {
      "type": "Feature",
      "geometry": {
        "type": "Polygon",
        "coordinates": [
          [
            [
              93.80663641340784,
              24.516309198181656
            ],
            [
              93.80663468342108,
              24.51603827489301
            ],
            [
              93.80693079992469,
              24.516036691812488
            ],
            [
              93.80693253054636,
              24.516307615081377
            ],
            [
              93.80663641340784,
              24.516309198181656
            ]
          ]
        ]
      },
      "properties": {
        "region": 131,
        "area_ha": 0.09,
        "longitude": 93.806783606825,
        "latitude": 24.51617294506598,
        "mean_index_change": 0.18236523866653442,
        "mean_model_score": null,
        "status": "Needs review",
        "note": ""
      }
    },
    {
      "type": "Feature",
      "geometry": {
        "type": "Polygon",
        "coordinates": [
          [
            [
              93.7768051093355,
              24.52892864966569
            ],
            [
              93.77680177539423,
              24.528386800068002
            ],
            [
              93.77650562777086,
              24.528388324750274
            ],
            [
              93.776502295198,
              24.527846475075222
            ],
            [
              93.77679844155067,
              24.52784495043098
            ],
            [
              93.77679677466554,
              24.527574025597715
            ],
            [
              93.77709292035848,
              24.52757250039126
            ],
            [
              93.77708958539085,
              24.52703065073327
            ],
            [
              93.77679344096855,
              24.527032175901688
            ],
            [
              93.77679010736927,
              24.52649032616632
            ],
            [
              93.77619782099255,
              24.526493374683437
            ],
            [
              93.77619948650941,
              24.526764299594063
            ],
            [
              93.77590334264914,
              24.526765822999813
            ],
            [
              93.77590500755511,
              24.527036747919603
            ],
            [
              93.77560886303516,
              24.52703827076313
            ],
            [
              93.77559721365267,
              24.52514179598514
            ],
            [
              93.77530107355526,
              24.525143318114544
            ],
            [
              93.77529941009054,
              24.52487239308794
            ],
            [
              93.77500327060395,
              24.524873914617196
            ],
            [
              93.7749999450181,
              24.524332064496527
            ],
            [
              93.77411153022352,
              24.524336625483535
            ],
            [
              93.77410654774428,
              24.523523850058115
            ],
            [
              93.77321813844743,
              24.5235284056443
            ],
            [
              93.77321979734394,
              24.52379933085276
            ],
            [
              93.77292366022782,
              24.523800848238164
            ],
            [
              93.77292034372951,
              24.523258997773546
            ],
            [
              93.77262420785947,
              24.523260514539974
            ],
            [
              93.7726258654613,
              24.523531439796116
            ],
            [
              93.77203359237798,
              24.523534471623414
            ],
            [
              93.77203690511374,
              24.52407632218184
            ],
            [
              93.77174076726527,
              24.5240778372616
            ],
            [
              93.77173911152046,
              24.5238069119684
            ],
            [
              93.77144297428292,
              24.52380842644812
            ],
            [
              93.77144131919758,
              24.5235375011262
            ],
            [
              93.77084904592014,
              24.523540528304466
            ],
            [
              93.77085069973512,
              24.523811453664145
            ],
            [
              93.77055456242486,
              24.523812966400456
            ],
            [
              93.77055125608952,
              24.523271115633523
            ],
            [
              93.77232807196512,
              24.523262030725274
            ],
            [
              93.77232641502277,
              24.52299110544038
            ],
            [
              93.77262255028194,
              24.52298958927399
            ],
            [
              93.77262089272868,
              24.522718663998177
            ],
            [
              93.7720286234564,
              24.522721695712026
            ],
            [
              93.77202696719776,
              24.522450770388566
            ],
            [
              93.77232310121089,
              24.522449254841103
            ],
            [
              93.77231813067519,
              24.521636478868455
            ],
            [
              93.77172586643547,
              24.521639509268873
            ],
            [
              93.77172421090904,
              24.521368583887185
            ],
            [
              93.77113194784249,
              24.521371611925517
            ],
            [
              93.77113029361054,
              24.521100686496226
            ],
            [
              93.77024190073425,
              24.521105224139077
            ],
            [
              93.7702435530609,
              24.52137614962497
            ],
            [
              93.76994742141858,
              24.521377661029312
            ],
            [
              93.76993090559259,
              24.518668405539465
            ],
            [
              93.77022703088423,
              24.518666894323665
            ],
            [
              93.77022207470343,
              24.51785411754159
            ],
            [
              93.77051819806584,
              24.51785260580137
            ],
            [
              93.77051985073689,
              24.518123531386365
            ],
            [
              93.77111209865905,
              24.518120506125253
            ],
            [
              93.77111044471799,
              24.517849580577995
            ],
            [
              93.7714065680077,
              24.517848067094842
            ],
            [
              93.77140325892837,
              24.51730621600862
            ],
            [
              93.77169938092388,
              24.517304701982265
            ],
            [
              93.7717010360864,
              24.517575627511413
            ],
            [
              93.77258940383226,
              24.517571081889873
            ],
            [
              93.77258774676481,
              24.51730015641745
            ],
            [
              93.77288386866321,
              24.517298640067253
            ],
            [
              93.77288055333126,
              24.516756789130742
            ],
            [
              93.77317667393545,
              24.516755272237436
            ],
            [
              93.77317833222423,
              24.517026197691678
            ],
            [
              93.77406669579581,
              24.517021643469253
            ],
            [
              93.7740683560138,
              24.51729256885685
            ],
            [
              93.77554896465446,
              24.517284966772227
            ],
            [
              93.77555062807166,
              24.517555892055142
            ],
            [
              93.77614287262726,
              24.517552847116583
            ],
            [
              93.77614453733882,
              24.517823772351687
            ],
            [
              93.77762515147562,
              24.517816149743272
            ],
            [
              93.77762348358915,
              24.517545224603275
            ],
            [
              93.77791960570822,
              24.517543698357716
            ],
            [
              93.77791793721124,
              24.517272773226928
            ],
            [
              93.77821405867088,
              24.51727124641945
            ],
            [
              93.77821072048036,
              24.516729396166486
            ],
            [
              93.77880296078642,
              24.51672634088489
            ],
            [
              93.77879962015399,
              24.51618449066883
            ],
            [
              93.77968797661981,
              24.51617990350384
            ],
            [
              93.77968630443554,
              24.515908978438304
            ],
            [
              93.77998242257355,
              24.51590744824054
            ],
            [
              93.77998409539275,
              24.516178373286987
            ],
            [
              93.78028021414117,
              24.516176842489205
            ],
            [
              93.78028356112299,
              24.51671869251441
            ],
            [
              93.77969132106188,
              24.51672175360543
            ],
            [
              93.7796963379088,
              24.517534528684077
            ],
            [
              93.77999245985649,
              24.517532998371767
            ],
            [
              93.77999413282281,
              24.51780392335922
            ],
            [
              93.78029025538096,
              24.517802392446843
            ],
            [
              93.78029360265712,
              24.518344242354065
            ],
            [
              93.78058972646075,
              24.5183427108225
            ],
            [
              93.78059140077063,
              24.518613635742255
            ],
            [
              93.78118364957425,
              24.51861057089793
            ],
            [
              93.78118197399434,
              24.518339646016415
            ],
            [
              93.7814780977243,
              24.518338112741894
            ],
            [
              93.78148145017869,
              24.518879962456833
            ],
            [
              93.78177757515411,
              24.51887842856305
            ],
            [
              93.78177925205317,
              24.519149353386638
            ],
            [
              93.78237150320034,
              24.51914628381779
            ],
            [
              93.78236982503121,
              24.518875359032492
            ],
            [
              93.78296207480993,
              24.518872287177945
            ],
            [
              93.7829637542491,
              24.51914321192491
            ],
            [
              93.7835560051994,
              24.51914013770801
            ],
            [
              93.78355432449018,
              24.518869212999398
            ],
            [
              93.78385044929337,
              24.518867675038624
            ],
            [
              93.78385213063761,
              24.519138599728052
            ],
            [
              93.78414825605118,
              24.519137061167086
            ],
            [
              93.7841499380551,
              24.51940798582749
            ],
            [
              93.78444606407905,
              24.519406446666316
            ],
            [
              93.78444774674266,
              24.51967737129768
            ],
            [
              93.78385549340003,
              24.519680449077406
            ],
            [
              93.783858856261,
              24.52022229838743
            ],
            [
              93.78415498421475,
              24.520220759749687
            ],
            [
              93.78415666631727,
              24.52049168437075
            ],
            [
              93.78386053772846,
              24.520493223027692
            ],
            [
              93.78386558227866,
              24.52130599688946
            ],
            [
              93.78416171277277,
              24.52130445817494
            ],
            [
              93.7841633949739,
              24.52157538275667
            ],
            [
              93.7838672638447,
              24.521576921490386
            ],
            [
              93.78386894543539,
              24.52184784608148
            ],
            [
              93.78357281364642,
              24.52184938425331
            ],
            [
              93.78357113269087,
              24.52157845964303
            ],
            [
              93.78327500151238,
              24.521579997214605
            ],
            [
              93.78327332121657,
              24.521309072575317
            ],
            [
              93.78297719064858,
              24.52131060954665
            ],
            [
              93.78298054999462,
              24.521852458853747
            ],
            [
              93.78327668183283,
              24.521850921844063
            ],
            [
              93.78328004254759,
              24.522392771073473
            ],
            [
              93.78298390943911,
              24.522394308121502
            ],
            [
              93.78298222970454,
              24.52212338349254
            ],
            [
              93.78268609720658,
              24.522124919940307
            ],
            [
              93.78269113457868,
              24.522937693855187
            ],
            [
              93.78298726898208,
              24.52293615734992
            ],
            [
              93.78298894879048,
              24.52320708194938
            ],
            [
              93.78239667868874,
              24.523210154417132
            ],
            [
              93.78240171445059,
              24.52402292827147
            ],
            [
              93.78151330339688,
              24.524027532787038
            ],
            [
              93.78151498012775,
              24.524298457442924
            ],
            [
              93.78121884242547,
              24.524299991138296
            ],
            [
              93.78122219469053,
              24.524841840458823
            ],
            [
              93.78092605569326,
              24.5248433736113
            ],
            [
              93.7809277312274,
              24.525114298275938
            ],
            [
              93.78063159157034,
              24.525115830866373
            ],
            [
              93.78063326649378,
              24.52538675554029
            ],
            [
              93.78033712617696,
              24.525388287568667
            ],
            [
              93.78033880048969,
              24.525659212251853
            ],
            [
              93.78004265951309,
              24.525660743718166
            ],
            [
              93.7800443332151,
              24.525931668410625
            ],
            [
              93.77974819157869,
              24.525933199314846
            ],
            [
              93.77974986466998,
              24.52620412401656
            ],
            [
              93.77886143770787,
              24.526208713299333
            ],
            [
              93.77886310891785,
              24.526479638048453
            ],
            [
              93.77915925189832,
              24.526478108849652
            ],
            [
              93.77916092376807,
              24.526749033569867
            ],
            [
              93.77886478015229,
              24.52675056278774
            ],
            [
              93.7788697940026,
              24.5275633369466
            ],
            [
              93.77857364845643,
              24.527564865640453
            ],
            [
              93.77857531915352,
              24.52783579035947
            ],
            [
              93.77827917294753,
              24.52783731849116
            ],
            [
              93.77828251314448,
              24.52837916793781
            ],
            [
              93.77769021811774,
              24.52838222253365
            ],
            [
              93.77769355587114,
              24.528924072017148
            ],
            [
              93.7768051093355,
              24.52892864966569
            ]
          ],
          [
            [
              93.77619449003207,
              24.525951524832692
            ],
            [
              93.77649063196208,
              24.525950000902753
            ],
            [
              93.77648896588319,
              24.525679075981635
            ],
            [
              93.77619282458845,
              24.525680599892567
            ],
            [
              93.77619449003207,
              24.525951524832692
            ]
          ],
          [
            [
              93.77678677386767,
              24.525948476391626
            ],
            [
              93.77737905760557,
              24.52594542562579
            ],
            [
              93.7773773896209,
              24.525674500761742
            ],
            [
              93.77826581313862,
              24.525669920311195
            ],
            [
              93.77826414327262,
              24.52539899549444
            ],
            [
              93.77856028376101,
              24.525397467534283
            ],
            [
              93.77855694283197,
              24.524855617909402
            ],
            [
              93.77826080361406,
              24.524857145831444
            ],
            [
              93.77825913382148,
              24.524586220985185
            ],
            [
              93.77766685658268,
              24.524589275047685
            ],
            [
              93.77766852510481,
              24.524860199932036
            ],
            [
              93.77737238581352,
              24.52486172611059
            ],
            [
              93.77737405372487,
              24.52513265100414
            ],
            [
              93.7770779137739,
              24.525134176620565
            ],
            [
              93.77707457924609,
              24.52459232678557
            ],
            [
              93.77677844054114,
              24.52459385178278
            ],
            [
              93.77678344046377,
              24.52540662657759
            ],
            [
              93.77648729982872,
              24.525408151050687
            ],
            [
              93.77648896588319,
              24.525679075981635
            ],
            [
              93.77678510715351,
              24.525677551489522
            ],
            [
              93.77678677386767,
              24.525948476391626
            ]
          ],
          [
            [
              93.77944870507926,
              24.525392880166763
            ],
            [
              93.7797448454697,
              24.525391349881907
            ],
            [
              93.77974317245196,
              24.525120425150686
            ],
            [
              93.78003931218262,
              24.52511889430375
            ],
            [
              93.78003429137087,
              24.524306120108367
            ],
            [
              93.77973815354588,
              24.524307650898017
            ],
            [
              93.77973480773109,
              24.523765801347075
            ],
            [
              93.78003094428568,
              24.523764270595613
            ],
            [
              93.780032617816,
              24.524035195356902
            ],
            [
              93.78032875498127,
              24.524033664005206
            ],
            [
              93.78032708081575,
              24.52376273926301
            ],
            [
              93.78091935380226,
              24.523759674854432
            ],
            [
              93.78091265230412,
              24.522675975940206
            ],
            [
              93.78120878621988,
              24.52267444294072
            ],
            [
              93.78120711027158,
              24.522403518206694
            ],
            [
              93.78150324352762,
              24.522401984645235
            ],
            [
              93.78149989043445,
              24.521860135185957
            ],
            [
              93.78061149440343,
              24.521864734012336
            ],
            [
              93.78061316903235,
              24.52213565880426
            ],
            [
              93.77972477087505,
              24.52214025245822
            ],
            [
              93.77972309815152,
              24.521869327608993
            ],
            [
              93.77942696601852,
              24.521870857645716
            ],
            [
              93.77942863810692,
              24.52214178251403
            ],
            [
              93.77913250531427,
              24.522143311988756
            ],
            [
              93.77913417679206,
              24.522414236866314
            ],
            [
              93.77943031021984,
              24.52241270737251
            ],
            [
              93.77943699891654,
              24.5234964067081
            ],
            [
              93.77854859093776,
              24.523500993675093
            ],
            [
              93.778551931622,
              24.524042843398313
            ],
            [
              93.7788480689098,
              24.52404131495231
            ],
            [
              93.7788530820254,
              24.524854089406197
            ],
            [
              93.77914922119436,
              24.52485256032184
            ],
            [
              93.7791508929171,
              24.52512348510106
            ],
            [
              93.77944703269678,
              24.525121955416456
            ],
            [
              93.77944870507926,
              24.525392880166763
            ]
          ],
          [
            [
              93.77440600702677,
              24.52406418062266
            ],
            [
              93.77470214465643,
              24.524062660312627
            ],
            [
              93.77470048255962,
              24.523791735208736
            ],
            [
              93.77440434556517,
              24.523793255499815
            ],
            [
              93.77440600702677,
              24.52406418062266
            ]
          ],
          [
            [
              93.77559055739921,
              24.524058095895665
            ],
            [
              93.77588669493139,
              24.52405657326106
            ],
            [
              93.7758850302938,
              24.5237856482331
            ],
            [
              93.77618116716637,
              24.523784125036357
            ],
            [
              93.77617950191798,
              24.52351320001757
            ],
            [
              93.7755872294188,
              24.52351624579193
            ],
            [
              93.77559055739921,
              24.524058095895665
            ]
          ],
          [
            [
              93.77647563813098,
              24.5235116762587
            ],
            [
              93.77706791048368,
              24.52350862699758
            ],
            [
              93.77706624335417,
              24.523237702026005
            ],
            [
              93.7773623788587,
              24.52323617654278
            ],
            [
              93.77736071111845,
              24.522965251580395
            ],
            [
              93.77765684596338,
              24.522963725535096
            ],
            [
              93.7776551776124,
              24.52269280058192
            ],
            [
              93.77795131179772,
              24.522691273974544
            ],
            [
              93.77794797389883,
              24.522149424076773
            ],
            [
              93.77765184098381,
              24.522150950646058
            ],
            [
              93.77765017270619,
              24.52188002566337
            ],
            [
              93.77735404040182,
              24.521881551632532
            ],
            [
              93.77735570804433,
              24.52215247663424
            ],
            [
              93.7770595750804,
              24.522154002041354
            ],
            [
              93.7770612421122,
              24.52242492705226
            ],
            [
              93.77646897484078,
              24.522427976161232
            ],
            [
              93.77647064062671,
              24.522698901200354
            ],
            [
              93.77617450631924,
              24.522700424902197
            ],
            [
              93.77617783669399,
              24.523242274988945
            ],
            [
              93.7764739722718,
              24.523240751249084
            ],
            [
              93.77647563813098,
              24.5235116762587
            ]
          ],
          [
            [
              93.77262089272868,
              24.522718663998177
            ],
            [
              93.7732131619038,
              24.52271562995991
            ],
            [
              93.77321150310453,
              24.522444704712115
            ],
            [
              93.7738037709121,
              24.522441668387295
            ],
            [
              93.77380045084597,
              24.521899817937964
            ],
            [
              93.77291205290898,
              24.52190437143994
            ],
            [
              93.7729153691643,
              24.52244622200288
            ],
            [
              93.77261923519974,
              24.522447738712536
            ],
            [
              93.77262089272868,
              24.522718663998177
            ]
          ],
          [
            [
              93.77587837198735,
              24.522701948022945
            ],
            [
              93.77617450631924,
              24.522700424902197
            ],
            [
              93.77617284116846,
              24.52242949984408
            ],
            [
              93.77587670747172,
              24.522431022945824
            ],
            [
              93.77587837198735,
              24.522701948022945
            ]
          ],
          [
            [
              93.7755805737506,
              24.522432545466465
            ],
            [
              93.77587670747172,
              24.522431022945824
            ],
            [
              93.7758750429805,
              24.522160097858865
            ],
            [
              93.77557890989452,
              24.52216162036052
            ],
            [
              93.7755805737506,
              24.522432545466465
            ]
          ],
          [
            [
              93.78238996468401,
              24.522126455806987
            ],
            [
              93.78268609720658,
              24.522124919940307
            ],
            [
              93.78268441813177,
              24.521853995282346
            ],
            [
              93.78238828624433,
              24.521855531129866
            ],
            [
              93.78238996468401,
              24.522126455806987
            ]
          ],
          [
            [
              93.77439105474883,
              24.52162585416305
            ],
            [
              93.77527945041538,
              24.521621292001722
            ],
            [
              93.77527778726756,
              24.521350366847297
            ],
            [
              93.77557391847256,
              24.521348844983688
            ],
            [
              93.77556892727006,
              24.520536069518364
            ],
            [
              93.77527279797035,
              24.52053759132502
            ],
            [
              93.77527113492002,
              24.520266666131267
            ],
            [
              93.774975006231,
              24.520268187337894
            ],
            [
              93.77497666864626,
              24.52053911255063
            ],
            [
              93.7746805392978,
              24.52054063319519
            ],
            [
              93.77468220110234,
              24.520811558417062
            ],
            [
              93.77438607109444,
              24.52081307849954
            ],
            [
              93.77439105474883,
              24.52162585416305
            ]
          ],
          [
            [
              93.77172255540687,
              24.52109765849567
            ],
            [
              93.77201868626862,
              24.5210961436238
            ],
            [
              93.77201703015562,
              24.52082521824136
            ],
            [
              93.77231316035802,
              24.520823702807327
            ],
            [
              93.77231150363419,
              24.520552777433952
            ],
            [
              93.77260763317723,
              24.52055126143778
            ],
            [
              93.77259603234492,
              24.51865478368129
            ],
            [
              93.77229990724726,
              24.51865629954508
            ],
            [
              93.77229825071767,
              24.51838537409306
            ],
            [
              93.77170600171952,
              24.51838840403985
            ],
            [
              93.77170765697907,
              24.518659329529665
            ],
            [
              93.7714115318086,
              24.518660843650466
            ],
            [
              93.77141649582774,
              24.519473620117612
            ],
            [
              93.77112036872789,
              24.51947513371406
            ],
            [
              93.7711220228144,
              24.519746059202333
            ],
            [
              93.77082589505527,
              24.519747572236632
            ],
            [
              93.770830855555,
              24.520560348699092
            ],
            [
              93.77142311485945,
              24.520557321936185
            ],
            [
              93.77142476967802,
              24.520828247366254
            ],
            [
              93.77172089992894,
              24.52082673309433
            ],
            [
              93.77172255540687,
              24.52109765849567
            ]
          ],
          [
            [
              93.77349934021322,
              24.52108856054848
            ],
            [
              93.77379547092923,
              24.52108704219023
            ],
            [
              93.77379381100562,
              24.520816116921324
            ],
            [
              93.77408994106219,
              24.52081459800096
            ],
            [
              93.77408828052785,
              24.52054367274117
            ],
            [
              93.77379215110636,
              24.520545191642587
            ],
            [
              93.77379049123142,
              24.52027426635401
            ],
            [
              93.77319823358563,
              24.52027730237583
            ],
            [
              93.7732015508195,
              24.52081915301889
            ],
            [
              93.77349768092472,
              24.520817635260638
            ],
            [
              93.77349934021322,
              24.52108856054848
            ]
          ],
          [
            [
              93.77527113492002,
              24.520266666131267
            ],
            [
              93.77556726358465,
              24.520265144343593
            ],
            [
              93.77556559992362,
              24.519994219159
            ],
            [
              93.77586172792881,
              24.519992696809275
            ],
            [
              93.77585673518692,
              24.519179921253446
            ],
            [
              93.77556060908688,
              24.519181443546188
            ],
            [
              93.77555894552339,
              24.51891051832226
            ],
            [
              93.77496669452023,
              24.51891356112675
            ],
            [
              93.77496835681364,
              24.519184486388642
            ],
            [
              93.7746722306405,
              24.519186006938355
            ],
            [
              93.77467389232325,
              24.519456932209387
            ],
            [
              93.77497001913144,
              24.519455411640703
            ],
            [
              93.77497334384013,
              24.519997262115336
            ],
            [
              93.77526947189406,
              24.51999574092768
            ],
            [
              93.77527113492002,
              24.520266666131267
            ]
          ]
        ]
      },
      "properties": {
        "region": 20,
        "area_ha": 90.36,
        "longitude": 93.7772482464966,
        "latitude": 24.5213701832395,
        "mean_index_change": 0.19884108006954193,
        "mean_model_score": null,
        "status": "Needs review",
        "note": ""
      }
    },
    {
      "type": "Feature",
      "geometry": {
        "type": "Polygon",
        "coordinates": [
          [
            [
              93.8223570442306,
              24.520288325663355
            ],
            [
              93.82235351620733,
              24.51974648148519
            ],
            [
              93.82205739214564,
              24.519748095054595
            ],
            [
              93.8220556288078,
              24.519477172930614
            ],
            [
              93.82235175223448,
              24.519475559381338
            ],
            [
              93.82234998828747,
              24.51920463726764
            ],
            [
              93.82264611105327,
              24.5192030231575
            ],
            [
              93.82264434649711,
              24.518932101054105
            ],
            [
              93.82234822436631,
              24.518933715144104
            ],
            [
              93.82234646047102,
              24.51866279301072
            ],
            [
              93.82205033894937,
              24.51866440649961
            ],
            [
              93.82204857571492,
              24.518393484336254
            ],
            [
              93.82175245480238,
              24.51839509722405
            ],
            [
              93.82175421740187,
              24.51866601940753
            ],
            [
              93.82116197422938,
              24.51866924348045
            ],
            [
              93.82116021289987,
              24.518398321256747
            ],
            [
              93.82086409190988,
              24.518399932401646
            ],
            [
              93.82086233124116,
              24.518129010148
            ],
            [
              93.82056621086035,
              24.51813062069184
            ],
            [
              93.82056797089409,
              24.518401542965574
            ],
            [
              93.81997572878512,
              24.51840476235054
            ],
            [
              93.81997924639005,
              24.518946606948806
            ],
            [
              93.82057149103896,
              24.518943387483517
            ],
            [
              93.8205732511501,
              24.519214309727722
            ],
            [
              93.82027712820353,
              24.519215919770946
            ],
            [
              93.82027888770544,
              24.51948684202539
            ],
            [
              93.81998276409809,
              24.519488451507705
            ],
            [
              93.81998100523117,
              24.519217529233178
            ],
            [
              93.81968488223303,
              24.519219138114423
            ],
            [
              93.81968312402691,
              24.51894821580998
            ],
            [
              93.819387001638,
              24.518949824090175
            ],
            [
              93.81938875920913,
              24.519220746414682
            ],
            [
              93.818204266856,
              24.51922717380581
            ],
            [
              93.81820251182491,
              24.51895625140112
            ],
            [
              93.81790638930731,
              24.518957856776403
            ],
            [
              93.81790463493691,
              24.518686934341837
            ],
            [
              93.8176085130286,
              24.51868853911612
            ],
            [
              93.81760500563493,
              24.51814669417742
            ],
            [
              93.81790112627328,
              24.518145089443184
            ],
            [
              93.81789937198005,
              24.517874166979094
            ],
            [
              93.81819549195772,
              24.517872561683923
            ],
            [
              93.81819373705524,
              24.51760163923002
            ],
            [
              93.81878597566349,
              24.5175984269369
            ],
            [
              93.81878421951683,
              24.517327504513222
            ],
            [
              93.8190803381474,
              24.517325897515295
            ],
            [
              93.81907858139154,
              24.517054975101832
            ],
            [
              93.81937469936143,
              24.517053367543014
            ],
            [
              93.81937645675224,
              24.51732428993642
            ],
            [
              93.81967257533131,
              24.517322681776616
            ],
            [
              93.81967081730555,
              24.517051759403273
            ],
            [
              93.81996693522392,
              24.517050150682593
            ],
            [
              93.81997045257107,
              24.5175919953793
            ],
            [
              93.82026657173354,
              24.51759038603754
            ],
            [
              93.82026833108075,
              24.51786130835105
            ],
            [
              93.82056445085239,
              24.51785969840825
            ],
            [
              93.82056269087025,
              24.51758877611483
            ],
            [
              93.82085880998113,
              24.517587165611175
            ],
            [
              93.82085704938983,
              24.517316243328004
            ],
            [
              93.8214492862643,
              24.517313020618072
            ],
            [
              93.82144752442893,
              24.517042098365255
            ],
            [
              93.82115140663953,
              24.517043709990585
            ],
            [
              93.8211496454649,
              24.51677278770783
            ],
            [
              93.82144576261936,
              24.516771176102605
            ],
            [
              93.82144400083564,
              24.516500253830102
            ],
            [
              93.82203623379725,
              24.51649702891714
            ],
            [
              93.82203270776763,
              24.515955184423074
            ],
            [
              93.82232882293987,
              24.515953571135476
            ],
            [
              93.82232705932894,
              24.515682648893808
            ],
            [
              93.82321540278586,
              24.51567780560604
            ],
            [
              93.82321716830147,
              24.515948727787272
            ],
            [
              93.8229210532068,
              24.515950342817572
            ],
            [
              93.82292281811338,
              24.516221265009115
            ],
            [
              93.82321893384295,
              24.51621964995866
            ],
            [
              93.82322069941031,
              24.51649057212021
            ],
            [
              93.8235168157489,
              24.5164889564687
            ],
            [
              93.82351504954664,
              24.516218034327306
            ],
            [
              93.82381116522443,
              24.51621641811504
            ],
            [
              93.82380939841315,
              24.51594549598397
            ],
            [
              93.82410551343017,
              24.515943879210976
            ],
            [
              93.82410728087633,
              24.51621480132187
            ],
            [
              93.82499562767657,
              24.51620994745692
            ],
            [
              93.82499739705338,
              24.516480869497418
            ],
            [
              93.82470128084432,
              24.516482488053505
            ],
            [
              93.82470658722556,
              24.517295254176503
            ],
            [
              93.82441046908579,
              24.517296872212228
            ],
            [
              93.82441223729646,
              24.51756779425373
            ],
            [
              93.82411611849584,
              24.517569411728704
            ],
            [
              93.82411435092011,
              24.517298489667027
            ],
            [
              93.82352211451105,
              24.51730172283381
            ],
            [
              93.82352388081686,
              24.51757264493582
            ],
            [
              93.82322776193854,
              24.51757426066797
            ],
            [
              93.82323129335794,
              24.518116104882782
            ],
            [
              93.82352741350617,
              24.518114489110317
            ],
            [
              93.82353094629904,
              24.51865633324544
            ],
            [
              93.82323482488084,
              24.518657949058213
            ],
            [
              93.82323659068112,
              24.518928871131166
            ],
            [
              93.82294046860206,
              24.518930486383127
            ],
            [
              93.82294576425312,
              24.519743252603366
            ],
            [
              93.82264964024316,
              24.51974486733478
            ],
            [
              93.8226531695365,
              24.520286711472668
            ],
            [
              93.8223570442306,
              24.520288325663355
            ]
          ],
          [
            [
              93.81879475678295,
              24.518953038907615
            ],
            [
              93.819387001638,
              24.518949824090175
            ],
            [
              93.81938524409266,
              24.518678901755823
            ],
            [
              93.81908912231299,
              24.518680509434976
            ],
            [
              93.81908736542837,
              24.518409587070725
            ],
            [
              93.81879124425794,
              24.518411194148857
            ],
            [
              93.81879475678295,
              24.518953038907615
            ]
          ],
          [
            [
              93.81938348657306,
              24.51840797941163
            ],
            [
              93.81997572878512,
              24.51840476235054
            ],
            [
              93.81997397002132,
              24.518133840036633
            ],
            [
              93.81967784956315,
              24.518135448837597
            ],
            [
              93.8196760914601,
              24.517864526493774
            ],
            [
              93.81937997161113,
              24.517866134693715
            ],
            [
              93.81938348657306,
              24.51840797941163
            ]
          ],
          [
            [
              93.82145457192537,
              24.518125787317445
            ],
            [
              93.82175069222875,
              24.51812417503073
            ],
            [
              93.82174716715895,
              24.517582330614555
            ],
            [
              93.8214510481255,
              24.517583942861037
            ],
            [
              93.82145457192537,
              24.518125787317445
            ]
          ],
          [
            [
              93.82204681250629,
              24.518122562163054
            ],
            [
              93.82234293275798,
              24.518120948714426
            ],
            [
              93.82233940514836,
              24.51757910437875
            ],
            [
              93.82204328616656,
              24.517580717787123
            ],
            [
              93.82204681250629,
              24.518122562163054
            ]
          ],
          [
            [
              93.82233058657667,
              24.516224493367293
            ],
            [
              93.82262670235795,
              24.51622287947866
            ],
            [
              93.82262493808626,
              24.51595195726697
            ],
            [
              93.82232882293987,
              24.515953571135476
            ],
            [
              93.82233058657667,
              24.516224493367293
            ]
          ]
        ]
      },
      "properties": {
        "region": 92,
        "area_ha": 13.41,
        "longitude": 93.82151470886586,
        "latitude": 24.517746337230918,
        "mean_index_change": 0.16329118609428406,
        "mean_model_score": null,
        "status": "Needs review",
        "note": ""
      }
    },
    {
      "type": "Feature",
      "geometry": {
        "type": "Polygon",
        "coordinates": [
          [
            [
              93.82351328337025,
              24.515947112176068
            ],
            [
              93.82351151721976,
              24.51567619001499
            ],
            [
              93.82380763162777,
              24.51567457384306
            ],
            [
              93.82380939841315,
              24.51594549598397
            ],
            [
              93.82351328337025,
              24.515947112176068
            ]
          ]
        ]
      },
      "properties": {
        "region": 133,
        "area_ha": 0.09,
        "longitude": 93.82366045765774,
        "latitude": 24.51581084307837,
        "mean_index_change": 0.17822808027267456,
        "mean_model_score": null,
        "status": "Needs review",
        "note": ""
      }
    },
    {
      "type": "Feature",
      "geometry": {
        "type": "Polygon",
        "coordinates": [
          [
            [
              93.79863781545066,
              24.515809874653137
            ],
            [
              93.79863610265681,
              24.51553895081426
            ],
            [
              93.79893221857196,
              24.51553738345751
            ],
            [
              93.79893393200071,
              24.515808307276828
            ],
            [
              93.79863781545066,
              24.515809874653137
            ]
          ]
        ]
      },
      "properties": {
        "region": 134,
        "area_ha": 0.09,
        "longitude": 93.79878501717005,
        "latitude": 24.515673629124283,
        "mean_index_change": 0.11318177729845047,
        "mean_model_score": null,
        "status": "Needs review",
        "note": ""
      }
    },
    {
      "type": "Feature",
      "geometry": {
        "type": "Polygon",
        "coordinates": [
          [
            [
              93.80693079992469,
              24.516036691812488
            ],
            [
              93.80692906932836,
              24.51576576853375
            ],
            [
              93.80752130098963,
              24.515762600669508
            ],
            [
              93.80751956914891,
              24.515491677420457
            ],
            [
              93.80811179943888,
              24.515488507272153
            ],
            [
              93.80811006635375,
              24.515217584052824
            ],
            [
              93.80840618082574,
              24.51521599812712
            ],
            [
              93.80840964829117,
              24.51575784451637
            ],
            [
              93.80781741678221,
              24.515761015866026
            ],
            [
              93.80781914928325,
              24.516031939085465
            ],
            [
              93.80693079992469,
              24.516036691812488
            ]
          ]
        ]
      },
      "properties": {
        "region": 132,
        "area_ha": 0.63,
        "longitude": 93.80775359218246,
        "latitude": 24.5157033005379,
        "mean_index_change": 0.15632741153240204,
        "mean_model_score": null,
        "status": "Needs review",
        "note": ""
      }
    },
    {
      "type": "Feature",
      "geometry": {
        "type": "Polygon",
        "coordinates": [
          [
            [
              93.81906628482137,
              24.51515851793198
            ],
            [
              93.81906277174734,
              24.514616672937716
            ],
            [
              93.8193588840032,
              24.514615065559404
            ],
            [
              93.81936239834695,
              24.515156910513554
            ],
            [
              93.81906628482137,
              24.51515851793198
            ]
          ]
        ]
      },
      "properties": {
        "region": 135,
        "area_ha": 0.18,
        "longitude": 93.81921258472006,
        "latitude": 24.5148867918132,
        "mean_index_change": 0.17544551193714142,
        "mean_model_score": null,
        "status": "Needs review",
        "note": ""
      }
    },
    {
      "type": "Feature",
      "geometry": {
        "type": "Polygon",
        "coordinates": [
          [
            [
              93.81373449184508,
              24.51491642928081
            ],
            [
              93.81373274674837,
              24.514645506418997
            ],
            [
              93.81402885946625,
              24.51464390949631
            ],
            [
              93.81403060519781,
              24.514914832338196
            ],
            [
              93.81373449184508,
              24.51491642928081
            ]
          ]
        ]
      },
      "properties": {
        "region": 137,
        "area_ha": 0.09,
        "longitude": 93.81388167581439,
        "latitude": 24.514780169457413,
        "mean_index_change": 0.11826746165752411,
        "mean_model_score": null,
        "status": "Needs review",
        "note": ""
      }
    },
    {
      "type": "Feature",
      "geometry": {
        "type": "Polygon",
        "coordinates": [
          [
            [
              93.7977426222438,
              24.51473087764759
            ],
            [
              93.79774091145497,
              24.51445995371074
            ],
            [
              93.79833313833173,
              24.514456822058047
            ],
            [
              93.79833485039029,
              24.51472774595582
            ],
            [
              93.7977426222438,
              24.51473087764759
            ]
          ]
        ]
      },
      "properties": {
        "region": 138,
        "area_ha": 0.18,
        "longitude": 93.7980378806146,
        "latitude": 24.514593850134723,
        "mean_index_change": 0.12152013182640076,
        "mean_model_score": null,
        "status": "Needs review",
        "note": ""
      }
    },
    {
      "type": "Feature",
      "geometry": {
        "type": "Polygon",
        "coordinates": [
          [
            [
              93.8012959896156,
              24.51471205264421
            ],
            [
              93.8012942712084,
              24.514441128942238
            ],
            [
              93.8015903843577,
              24.51443955643587
            ],
            [
              93.80159210339974,
              24.514710480118215
            ],
            [
              93.8012959896156,
              24.51471205264421
            ]
          ]
        ]
      },
      "properties": {
        "region": 139,
        "area_ha": 0.09,
        "longitude": 93.80144318714537,
        "latitude": 24.51457580460897,
        "mean_index_change": 0.1151421070098877,
        "mean_model_score": null,
        "status": "Needs review",
        "note": ""
      }
    },
    {
      "type": "Feature",
      "geometry": {
        "type": "Polygon",
        "coordinates": [
          [
            [
              93.83001890798865,
              24.514556813085125
            ],
            [
              93.8300171280011,
              24.514285891320117
            ],
            [
              93.83031323866297,
              24.514284262470227
            ],
            [
              93.83031501928535,
              24.514555184214913
            ],
            [
              93.83001890798865,
              24.514556813085125
            ]
          ]
        ]
      },
      "properties": {
        "region": 140,
        "area_ha": 0.09,
        "longitude": 93.83016607348452,
        "latitude": 24.514420537846437,
        "mean_index_change": 0.24365513026714325,
        "mean_model_score": null,
        "status": "Needs review",
        "note": ""
      }
    },
    {
      "type": "Feature",
      "geometry": {
        "type": "Polygon",
        "coordinates": [
          [
            [
              93.79744479797897,
              24.514461518665783
            ],
            [
              93.79744308785006,
              24.514190594699574
            ],
            [
              93.7977392006912,
              24.514189029764065
            ],
            [
              93.79774091145497,
              24.51445995371074
            ],
            [
              93.79744479797897,
              24.514461518665783
            ]
          ]
        ]
      },
      "properties": {
        "region": 141,
        "area_ha": 0.09,
        "longitude": 93.79759199949379,
        "latitude": 24.514325274283877,
        "mean_index_change": 0.1374426931142807,
        "mean_model_score": null,
        "status": "Needs review",
        "note": ""
      }
    },
    {
      "type": "Feature",
      "geometry": {
        "type": "Polygon",
        "coordinates": [
          [
            [
              93.79833313833173,
              24.514456822058047
            ],
            [
              93.79833142629826,
              24.51418589815044
            ],
            [
              93.79862753906416,
              24.51418433147233
            ],
            [
              93.79862925173248,
              24.51445525536039
            ],
            [
              93.79833313833173,
              24.514456822058047
            ]
          ]
        ]
      },
      "properties": {
        "region": 142,
        "area_ha": 0.09,
        "longitude": 93.79848033885665,
        "latitude": 24.51432057683414,
        "mean_index_change": 0.16063417494297028,
        "mean_model_score": null,
        "status": "Needs review",
        "note": ""
      }
    },
    {
      "type": "Feature",
      "geometry": {
        "type": "Polygon",
        "coordinates": [
          [
            [
              93.8015903843577,
              24.51443955643587
            ],
            [
              93.80158866534084,
              24.51416863274369
            ],
            [
              93.8018847778301,
              24.514167059676073
            ],
            [
              93.80188649748179,
              24.514437983348632
            ],
            [
              93.8015903843577,
              24.51443955643587
            ]
          ]
        ]
      },
      "properties": {
        "region": 143,
        "area_ha": 0.09,
        "longitude": 93.80173758125261,
        "latitude": 24.514303308124905,
        "mean_index_change": 0.1043585017323494,
        "mean_model_score": null,
        "status": "Needs review",
        "note": ""
      }
    },
    {
      "type": "Feature",
      "geometry": {
        "type": "Polygon",
        "coordinates": [
          [
            [
              93.80692041672722,
              24.5144111519925
            ],
            [
              93.8069186862831,
              24.51414022865473
            ],
            [
              93.8072147983172,
              24.51413864513161
            ],
            [
              93.80721652939619,
              24.514409568449615
            ],
            [
              93.80692041672722,
              24.5144111519925
            ]
          ]
        ]
      },
      "properties": {
        "region": 144,
        "area_ha": 0.09,
        "longitude": 93.80706760768093,
        "latitude": 24.51427489863095,
        "mean_index_change": 0.1312416046857834,
        "mean_model_score": null,
        "status": "Needs review",
        "note": ""
      }
    },
    {
      "type": "Feature",
      "geometry": {
        "type": "Polygon",
        "coordinates": [
          [
            [
              93.80751264203977,
              24.51440798432587
            ],
            [
              93.80751091032595,
              24.51413706102763
            ],
            [
              93.8078070223093,
              24.51413547634279
            ],
            [
              93.80780875465797,
              24.51440639962126
            ],
            [
              93.80751264203977,
              24.51440798432587
            ]
          ]
        ]
      },
      "properties": {
        "region": 145,
        "area_ha": 0.09,
        "longitude": 93.80765983233324,
        "latitude": 24.51427173040323,
        "mean_index_change": 0.1540585309267044,
        "mean_model_score": null,
        "status": "Needs review",
        "note": ""
      }
    },
    {
      "type": "Feature",
      "geometry": {
        "type": "Polygon",
        "coordinates": [
          [
            [
              93.79981713557524,
              24.514990830351117
            ],
            [
              93.7998154203172,
              24.514719906560995
            ],
            [
              93.79951930638207,
              24.51472147560172
            ],
            [
              93.79951587721118,
              24.51417962795282
            ],
            [
              93.7998119898766,
              24.514178058951245
            ],
            [
              93.79981370508433,
              24.514448982761035
            ],
            [
              93.80010981835947,
              24.514447413159022
            ],
            [
              93.80010810251689,
              24.51417648936882
            ],
            [
              93.800404215132,
              24.514174919205516
            ],
            [
              93.80040249867973,
              24.513903995425064
            ],
            [
              93.80099472256481,
              24.513900853395086
            ],
            [
              93.80099987580626,
              24.514713624589323
            ],
            [
              93.80011153422721,
              24.5147183369394
            ],
            [
              93.8001132501201,
              24.514989260709932
            ],
            [
              93.79981713557524,
              24.514990830351117
            ]
          ]
        ]
      },
      "properties": {
        "region": 136,
        "area_ha": 1.08,
        "longitude": 93.80033176027179,
        "latitude": 24.5144236585954,
        "mean_index_change": 0.12280013412237167,
        "mean_model_score": null,
        "status": "Needs review",
        "note": ""
      }
    },
    {
      "type": "Feature",
      "geometry": {
        "type": "Polygon",
        "coordinates": [
          [
            [
              93.79714697498385,
              24.51419215905422
            ],
            [
              93.79714526551484,
              24.513921235058657
            ],
            [
              93.79744137774621,
              24.513919670723528
            ],
            [
              93.79744308785006,
              24.514190594699574
            ],
            [
              93.79714697498385,
              24.51419215905422
            ]
          ]
        ]
      },
      "properties": {
        "region": 147,
        "area_ha": 0.09,
        "longitude": 93.79729417652374,
        "latitude": 24.514055914957833,
        "mean_index_change": 0.12985795736312866,
        "mean_model_score": null,
        "status": "Needs review",
        "note": ""
      }
    },
    {
      "type": "Feature",
      "geometry": {
        "type": "Polygon",
        "coordinates": [
          [
            [
              93.8072147983172,
              24.51413864513161
            ],
            [
              93.8072130672636,
              24.513867721803763
            ],
            [
              93.8075091786375,
              24.51386613771955
            ],
            [
              93.80751091032595,
              24.51413706102763
            ],
            [
              93.8072147983172,
              24.51413864513161
            ]
          ]
        ]
      },
      "properties": {
        "region": 148,
        "area_ha": 0.09,
        "longitude": 93.80736198863606,
        "latitude": 24.514002391494476,
        "mean_index_change": 0.1850641816854477,
        "mean_model_score": null,
        "status": "Needs review",
        "note": ""
      }
    },
    {
      "type": "Feature",
      "geometry": {
        "type": "Polygon",
        "coordinates": [
          [
            [
              93.80810313426727,
              24.514133891077094
            ],
            [
              93.80810140130914,
              24.513862967808567
            ],
            [
              93.80839751260687,
              24.51386138198179
            ],
            [
              93.80839924619983,
              24.514132305230536
            ],
            [
              93.80810313426727,
              24.514133891077094
            ]
          ]
        ]
      },
      "properties": {
        "region": 149,
        "area_ha": 0.09,
        "longitude": 93.80825032359579,
        "latitude": 24.513997636598337,
        "mean_index_change": 0.1222352460026741,
        "mean_model_score": null,
        "status": "Needs review",
        "note": ""
      }
    },
    {
      "type": "Feature",
      "geometry": {
        "type": "Polygon",
        "coordinates": [
          [
            [
              93.79744137774621,
              24.513919670723528
            ],
            [
              93.79743966766743,
              24.51364874673765
            ],
            [
              93.7977357792389,
              24.51364718184119
            ],
            [
              93.79773748995251,
              24.513918105807544
            ],
            [
              93.79744137774621,
              24.513919670723528
            ]
          ]
        ]
      },
      "properties": {
        "region": 150,
        "area_ha": 0.09,
        "longitude": 93.79758857865127,
        "latitude": 24.513783426351317,
        "mean_index_change": 0.10194043815135956,
        "mean_model_score": null,
        "status": "Needs review",
        "note": ""
      }
    },
    {
      "type": "Feature",
      "geometry": {
        "type": "Polygon",
        "coordinates": [
          [
            [
              93.79832971428989,
              24.513914974233
            ],
            [
              93.7983280023066,
              24.513644050305718
            ],
            [
              93.79862411380282,
              24.513642483666708
            ],
            [
              93.79862582642095,
              24.513913407574435
            ],
            [
              93.79832971428989,
              24.513914974233
            ]
          ]
        ]
      },
      "properties": {
        "region": 151,
        "area_ha": 0.09,
        "longitude": 93.79847691420505,
        "latitude": 24.5137787290188,
        "mean_index_change": 0.1646566241979599,
        "mean_model_score": null,
        "status": "Needs review",
        "note": ""
      }
    },
    {
      "type": "Feature",
      "geometry": {
        "type": "Polygon",
        "coordinates": [
          [
            [
              93.79951416266341,
              24.51390870411361
            ],
            [
              93.7995124481408,
              24.513637780264567
            ],
            [
              93.79980855953654,
              24.513636211302153
            ],
            [
              93.79981027469401,
              24.513907135131618
            ],
            [
              93.79951416266341,
              24.51390870411361
            ]
          ]
        ]
      },
      "properties": {
        "region": 152,
        "area_ha": 0.09,
        "longitude": 93.7996613612587,
        "latitude": 24.513772457776817,
        "mean_index_change": 0.15644937753677368,
        "mean_model_score": null,
        "status": "Needs review",
        "note": ""
      }
    },
    {
      "type": "Feature",
      "geometry": {
        "type": "Polygon",
        "coordinates": [
          [
            [
              93.80010638669944,
              24.513905565568766
            ],
            [
              93.80010467090716,
              24.513634641758888
            ],
            [
              93.80040078225261,
              24.513633071634775
            ],
            [
              93.80040249867973,
              24.513903995425064
            ],
            [
              93.80010638669944,
              24.513905565568766
            ]
          ]
        ]
      },
      "properties": {
        "region": 153,
        "area_ha": 0.09,
        "longitude": 93.80025358463473,
        "latitude": 24.513769318670708,
        "mean_index_change": 0.11894021183252335,
        "mean_model_score": null,
        "status": "Needs review",
        "note": ""
      }
    },
    {
      "type": "Feature",
      "geometry": {
        "type": "Polygon",
        "coordinates": [
          [
            [
              93.80131489375707,
              24.517692212716515
            ],
            [
              93.80131145641373,
              24.51715036551918
            ],
            [
              93.80101533689023,
              24.51715193764082
            ],
            [
              93.80101018296895,
              24.516339166712186
            ],
            [
              93.80071406532507,
              24.516340738194064
            ],
            [
              93.8007123480366,
              24.516069814511905
            ],
            [
              93.80012011394317,
              24.5160729556937
            ],
            [
              93.80011839794966,
              24.515802031962515
            ],
            [
              93.80041451437407,
              24.515800461681668
            ],
            [
              93.80041279777082,
              24.515529537960237
            ],
            [
              93.80130114498827,
              24.515524823691067
            ],
            [
              93.8013028634962,
              24.515795747353675
            ],
            [
              93.8015989798199,
              24.5157941747492
            ],
            [
              93.80160241818116,
              24.51633602200567
            ],
            [
              93.80189853574946,
              24.51633444878103
            ],
            [
              93.80189681592132,
              24.516063525177344
            ],
            [
              93.80219293282951,
              24.516061951391414
            ],
            [
              93.80219121239166,
              24.515791027797526
            ],
            [
              93.80189509611837,
              24.515792601563813
            ],
            [
              93.80189165658813,
              24.515250754307257
            ],
            [
              93.80218777159162,
              24.515249180580234
            ],
            [
              93.80218433089244,
              24.514707333323592
            ],
            [
              93.80188821715869,
              24.514708907011336
            ],
            [
              93.80188649748179,
              24.514437983348632
            ],
            [
              93.80218261058069,
              24.514436409680513
            ],
            [
              93.80217917003279,
              24.513894562364843
            ],
            [
              93.80247528183676,
              24.513892988155146
            ],
            [
              93.80247356096582,
              24.5136220645022
            ],
            [
              93.80306578322843,
              24.513618914379546
            ],
            [
              93.8030692275349,
              24.514160761596987
            ],
            [
              93.80336533989802,
              24.514159185625058
            ],
            [
              93.80336706272396,
              24.51443010919936
            ],
            [
              93.803070949726,
              24.514431685190953
            ],
            [
              93.80307611645077,
              24.51524445591383
            ],
            [
              93.80337223135335,
              24.515242879863244
            ],
            [
              93.8033739542803,
              24.515513803398193
            ],
            [
              93.80278172318015,
              24.515516954957793
            ],
            [
              93.80278344486256,
              24.515787878522225
            ],
            [
              93.80307956106017,
              24.515786303013222
            ],
            [
              93.80308300577053,
              24.51632815007326
            ],
            [
              93.80337912321272,
              24.516326573944013
            ],
            [
              93.80338429237243,
              24.5171393444013
            ],
            [
              93.80279205365322,
              24.517142496196833
            ],
            [
              93.80279377548706,
              24.51741341970224
            ],
            [
              93.80190541531414,
              24.51741814309741
            ],
            [
              93.80190713526834,
              24.517689066651904
            ],
            [
              93.80131489375707,
              24.517692212716515
            ]
          ],
          [
            [
              93.80249593425576,
              24.51714407122319
            ],
            [
              93.80279205365322,
              24.517142496196833
            ],
            [
              93.80279033184462,
              24.51687157268159
            ],
            [
              93.8024942130821,
              24.516873147688294
            ],
            [
              93.80249593425576,
              24.51714407122319
            ]
          ],
          [
            [
              93.80130973777985,
              24.516879441905758
            ],
            [
              93.80160585664322,
              24.51687786922279
            ],
            [
              93.8016041373996,
              24.516606945619152
            ],
            [
              93.80130801917115,
              24.516608518282492
            ],
            [
              93.80130973777985,
              24.516879441905758
            ]
          ],
          [
            [
              93.80249249193366,
              24.51660222414356
            ],
            [
              93.80278861006126,
              24.51660064915651
            ],
            [
              93.80278688830312,
              24.516329725621585
            ],
            [
              93.80249077081046,
              24.516331300588984
            ],
            [
              93.80249249193366,
              24.51660222414356
            ]
          ],
          [
            [
              93.80248904971248,
              24.516060377024576
            ],
            [
              93.80278516657023,
              24.51605880207682
            ],
            [
              93.80278344486256,
              24.515787878522225
            ],
            [
              93.80248732863973,
              24.515789453450328
            ],
            [
              93.80248904971248,
              24.516060377024576
            ]
          ],
          [
            [
              93.80247872365435,
              24.514434835431526
            ],
            [
              93.8027748367028,
              24.514433260601677
            ],
            [
              93.80277139361553,
              24.513891413364597
            ],
            [
              93.80247528183676,
              24.513892988155146
            ],
            [
              93.80247872365435,
              24.514434835431526
            ]
          ]
        ]
      },
      "properties": {
        "region": 121,
        "area_ha": 6.3,
        "longitude": 93.8021455891545,
        "latitude": 24.515934477616042,
        "mean_index_change": 0.15341675281524658,
        "mean_model_score": null,
        "status": "Needs review",
        "note": ""
      }
    },
    {
      "type": "Feature",
      "geometry": {
        "type": "Polygon",
        "coordinates": [
          [
            [
              93.81964972300631,
              24.51380069015539
            ],
            [
              93.81964796531551,
              24.51352976765409
            ],
            [
              93.81994407498053,
              24.51352815919433
            ],
            [
              93.81994583330615,
              24.513799081675558
            ],
            [
              93.81964972300631,
              24.51380069015539
            ]
          ]
        ]
      },
      "properties": {
        "region": 154,
        "area_ha": 0.09,
        "longitude": 93.81979689915214,
        "latitude": 24.513664424743673,
        "mean_index_change": 0.12297993898391724,
        "mean_model_score": null,
        "status": "Needs review",
        "note": ""
      }
    },
    {
      "type": "Feature",
      "geometry": {
        "type": "Polygon",
        "coordinates": [
          [
            [
              93.79980855953654,
              24.513636211302153
            ],
            [
              93.79980684440423,
              24.513365287462847
            ],
            [
              93.80010295514,
              24.513363717939175
            ],
            [
              93.80010467090716,
              24.513634641758888
            ],
            [
              93.79980855953654,
              24.513636211302153
            ]
          ]
        ]
      },
      "properties": {
        "region": 156,
        "area_ha": 0.09,
        "longitude": 93.79995575749699,
        "latitude": 24.513499964689597,
        "mean_index_change": 0.14377464354038239,
        "mean_model_score": null,
        "status": "Needs review",
        "note": ""
      }
    },
    {
      "type": "Feature",
      "geometry": {
        "type": "Polygon",
        "coordinates": [
          [
            [
              93.80869709236018,
              24.514401642022225
            ],
            [
              93.80869188967682,
              24.513588872335387
            ],
            [
              93.80898800028889,
              24.513587285366714
            ],
            [
              93.80898626547712,
              24.513316362137893
            ],
            [
              93.80957848535533,
              24.513313186497644
            ],
            [
              93.80957674929938,
              24.51304226329861
            ],
            [
              93.8098728585655,
              24.513040674627046
            ],
            [
              93.80987633197249,
              24.51358252097564
            ],
            [
              93.80958022143673,
              24.513584109686843
            ],
            [
              93.80958369367588,
              24.51412595603572
            ],
            [
              93.80899146998871,
              24.51412913179485
            ],
            [
              93.80899320487676,
              24.51440005499415
            ],
            [
              93.80869709236018,
              24.514401642022225
            ]
          ]
        ]
      },
      "properties": {
        "region": 146,
        "area_ha": 0.99,
        "longitude": 93.80924459985022,
        "latitude": 24.51372137593759,
        "mean_index_change": 0.1637110412120819,
        "mean_model_score": null,
        "status": "Needs review",
        "note": ""
      }
    },
    {
      "type": "Feature",
      "geometry": {
        "type": "Polygon",
        "coordinates": [
          [
            [
              93.79655133280268,
              24.51365343794192
            ],
            [
              93.79654791652926,
              24.51311158982358
            ],
            [
              93.79684402690626,
              24.51311002670868
            ],
            [
              93.79684744444931,
              24.513651874788017
            ],
            [
              93.79655133280268,
              24.51365343794192
            ]
          ]
        ]
      },
      "properties": {
        "region": 155,
        "area_ha": 0.18,
        "longitude": 93.79669768016248,
        "latitude": 24.51338173239307,
        "mean_index_change": 0.10718566179275513,
        "mean_model_score": null,
        "status": "Needs review",
        "note": ""
      }
    },
    {
      "type": "Feature",
      "geometry": {
        "type": "Polygon",
        "coordinates": [
          [
            [
              93.81194562271513,
              24.513029537662966
            ],
            [
              93.81194388160624,
              24.512758614612874
            ],
            [
              93.81223999003366,
              24.512757021314577
            ],
            [
              93.81224173177735,
              24.51302794434478
            ],
            [
              93.81194562271513,
              24.513029537662966
            ]
          ]
        ]
      },
      "properties": {
        "region": 160,
        "area_ha": 0.09,
        "longitude": 93.81209280653309,
        "latitude": 24.51289327955763,
        "mean_index_change": 0.15261127054691315,
        "mean_model_score": null,
        "status": "Needs review",
        "note": ""
      }
    },
    {
      "type": "Feature",
      "geometry": {
        "type": "Polygon",
        "coordinates": [
          [
            [
              93.8080944697307,
              24.512779274636053
            ],
            [
              93.80808927131356,
              24.51196650465338
            ],
            [
              93.80838537816769,
              24.511964918965113
            ],
            [
              93.80839057848917,
              24.512777688888438
            ],
            [
              93.8080944697307,
              24.512779274636053
            ]
          ]
        ]
      },
      "properties": {
        "region": 161,
        "area_ha": 0.27,
        "longitude": 93.80823992439987,
        "latitude": 24.512372096869417,
        "mean_index_change": 0.17000555992126465,
        "mean_model_score": null,
        "status": "Needs review",
        "note": ""
      }
    },
    {
      "type": "Feature",
      "geometry": {
        "type": "Polygon",
        "coordinates": [
          [
            [
              93.80898453069078,
              24.513045438899226
            ],
            [
              93.80898279592988,
              24.51277451565072
            ],
            [
              93.80868668722223,
              24.51277610255999
            ],
            [
              93.8086814849964,
              24.511963332696055
            ],
            [
              93.80927369857758,
              24.511960158415526
            ],
            [
              93.8092806400078,
              24.51304385138933
            ],
            [
              93.80898453069078,
              24.513045438899226
            ]
          ]
        ]
      },
      "properties": {
        "region": 158,
        "area_ha": 0.63,
        "longitude": 93.80900184003461,
        "latitude": 24.51244542403601,
        "mean_index_change": 0.1675305813550949,
        "mean_model_score": null,
        "status": "Needs review",
        "note": ""
      }
    },
    {
      "type": "Feature",
      "geometry": {
        "type": "Polygon",
        "coordinates": [
          [
            [
              93.8098728585655,
              24.513040674627046
            ],
            [
              93.80986938526036,
              24.512498828239103
            ],
            [
              93.80957327726381,
              24.512500416871013
            ],
            [
              93.80956980533003,
              24.51195857040406
            ],
            [
              93.81016201875856,
              24.511955392638736
            ],
            [
              93.81016896780618,
              24.513039085374658
            ],
            [
              93.8098728585655,
              24.513040674627046
            ]
          ]
        ]
      },
      "properties": {
        "region": 159,
        "area_ha": 0.54,
        "longitude": 93.80991815768107,
        "latitude": 24.512408255676597,
        "mean_index_change": 0.1533491611480713,
        "mean_model_score": null,
        "status": "Needs review",
        "note": ""
      }
    },
    {
      "type": "Feature",
      "geometry": {
        "type": "Polygon",
        "coordinates": [
          [
            [
              93.81194214052287,
              24.51248769155295
            ],
            [
              93.81193865843271,
              24.511945845403577
            ],
            [
              93.8122347649558,
              24.511944252164916
            ],
            [
              93.81223824831551,
              24.512486098274525
            ],
            [
              93.81194214052287,
              24.51248769155295
            ]
          ]
        ]
      },
      "properties": {
        "region": 162,
        "area_ha": 0.18,
        "longitude": 93.81208845304715,
        "latitude": 24.512215971926516,
        "mean_index_change": 0.16353626549243927,
        "mean_model_score": null,
        "status": "Needs review",
        "note": ""
      }
    },
    {
      "type": "Feature",
      "geometry": {
        "type": "Polygon",
        "coordinates": [
          [
            [
              93.80424160443017,
              24.512257989341787
            ],
            [
              93.8042398799019,
              24.511987065747817
            ],
            [
              93.8045359870855,
              24.511985487609984
            ],
            [
              93.80453771224853,
              24.512256411184257
            ],
            [
              93.80424160443017,
              24.512257989341787
            ]
          ]
        ]
      },
      "properties": {
        "region": 163,
        "area_ha": 0.09,
        "longitude": 93.80438879591654,
        "latitude": 24.51212173854479,
        "mean_index_change": 0.10255137085914612,
        "mean_model_score": null,
        "status": "Needs review",
        "note": ""
      }
    },
    {
      "type": "Feature",
      "geometry": {
        "type": "Polygon",
        "coordinates": [
          [
            [
              93.81164255188409,
              24.511947438061434
            ],
            [
              93.81164081151205,
              24.51167651495211
            ],
            [
              93.81193691742591,
              24.511674922314125
            ],
            [
              93.81193865843271,
              24.511945845403577
            ],
            [
              93.81164255188409,
              24.511947438061434
            ]
          ]
        ]
      },
      "properties": {
        "region": 164,
        "area_ha": 0.09,
        "longitude": 93.81178973481369,
        "latitude": 24.51181118025664,
        "mean_index_change": 0.12218528985977173,
        "mean_model_score": null,
        "status": "Needs review",
        "note": ""
      }
    },
    {
      "type": "Feature",
      "geometry": {
        "type": "Polygon",
        "coordinates": [
          [
            [
              93.8060147943124,
              24.511706664723228
            ],
            [
              93.80601306602617,
              24.51143574122785
            ],
            [
              93.80660527752525,
              24.5114325774807
            ],
            [
              93.80660700708101,
              24.511703500936605
            ],
            [
              93.8060147943124,
              24.511706664723228
            ]
          ]
        ]
      },
      "properties": {
        "region": 166,
        "area_ha": 0.18,
        "longitude": 93.8063100362457,
        "latitude": 24.511569621383714,
        "mean_index_change": 0.12686751782894135,
        "mean_model_score": null,
        "status": "Needs review",
        "note": ""
      }
    },
    {
      "type": "Feature",
      "geometry": {
        "type": "Polygon",
        "coordinates": [
          [
            [
              93.80571696023863,
              24.51143732223024
            ],
            [
              93.80571523261247,
              24.511166398705296
            ],
            [
              93.80601133776527,
              24.51116481772263
            ],
            [
              93.80601306602617,
              24.51143574122785
            ],
            [
              93.80571696023863,
              24.51143732223024
            ]
          ]
        ]
      },
      "properties": {
        "region": 169,
        "area_ha": 0.09,
        "longitude": 93.80586414916064,
        "latitude": 24.511301070045334,
        "mean_index_change": 0.13873203098773956,
        "mean_model_score": null,
        "status": "Needs review",
        "note": ""
      }
    },
    {
      "type": "Feature",
      "geometry": {
        "type": "Polygon",
        "coordinates": [
          [
            [
              93.80867975097198,
              24.511692409388395
            ],
            [
              93.80867801697295,
              24.5114214860709
            ],
            [
              93.80897412250674,
              24.511419899260638
            ],
            [
              93.80897065331547,
              24.510878052635736
            ],
            [
              93.80926675755437,
              24.510876465284305
            ],
            [
              93.80927196328362,
              24.51168923514748
            ],
            [
              93.80867975097198,
              24.511692409388395
            ]
          ]
        ]
      },
      "properties": {
        "region": 167,
        "area_ha": 0.36,
        "longitude": 93.80904771519207,
        "latitude": 24.5113517716426,
        "mean_index_change": 0.1323586106300354,
        "mean_model_score": null,
        "status": "Needs review",
        "note": ""
      }
    },
    {
      "type": "Feature",
      "geometry": {
        "type": "Polygon",
        "coordinates": [
          [
            [
              93.80956806940131,
              24.511687647155828
            ],
            [
              93.8095628617678,
              24.5108748773521
            ],
            [
              93.81015507011837,
              24.510871699745383
            ],
            [
              93.81015854438753,
              24.511413546211738
            ],
            [
              93.8098624389555,
              24.511415135345143
            ],
            [
              93.80986417549354,
              24.511686058583393
            ],
            [
              93.80956806940131,
              24.511687647155828
            ]
          ]
        ]
      },
      "properties": {
        "region": 168,
        "area_ha": 0.45,
        "longitude": 93.80983161289386,
        "latitude": 24.511225647952525,
        "mean_index_change": 0.1674409657716751,
        "mean_model_score": null,
        "status": "Needs review",
        "note": ""
      }
    },
    {
      "type": "Feature",
      "geometry": {
        "type": "Polygon",
        "coordinates": [
          [
            [
              93.80689965307164,
              24.511160071289957
            ],
            [
              93.80689792293185,
              24.510889147834135
            ],
            [
              93.80719402734853,
              24.510887564548113
            ],
            [
              93.80719575812304,
              24.511158487984176
            ],
            [
              93.80689965307164,
              24.511160071289957
            ]
          ]
        ]
      },
      "properties": {
        "region": 170,
        "area_ha": 0.09,
        "longitude": 93.80704684036877,
        "latitude": 24.51102381798792,
        "mean_index_change": 0.11479873955249786,
        "mean_model_score": null,
        "status": "Needs review",
        "note": ""
      }
    },
    {
      "type": "Feature",
      "geometry": {
        "type": "Polygon",
        "coordinates": [
          [
            [
              93.80749186314908,
              24.511156904097614
            ],
            [
              93.80749013173984,
              24.510885980681316
            ],
            [
              93.80778623610576,
              24.51088439623374
            ],
            [
              93.80778796814974,
              24.51115531963027
            ],
            [
              93.80749186314908,
              24.511156904097614
            ]
          ]
        ]
      },
      "properties": {
        "region": 171,
        "area_ha": 0.09,
        "longitude": 93.8076390497861,
        "latitude": 24.51102065023456,
        "mean_index_change": 0.1177874431014061,
        "mean_model_score": null,
        "status": "Needs review",
        "note": ""
      }
    },
    {
      "type": "Feature",
      "geometry": {
        "type": "Polygon",
        "coordinates": [
          [
            [
              93.81222954010771,
              24.5111314829267
            ],
            [
              93.81222779854274,
              24.510860559827616
            ],
            [
              93.81282000643436,
              24.51085737176704
            ],
            [
              93.81282174926879,
              24.511128294826342
            ],
            [
              93.81222954010771,
              24.5111314829267
            ]
          ]
        ]
      },
      "properties": {
        "region": 172,
        "area_ha": 0.18,
        "longitude": 93.81252477359797,
        "latitude": 24.51099442762854,
        "mean_index_change": 0.12173442542552948,
        "mean_model_score": null,
        "status": "Needs review",
        "note": ""
      }
    },
    {
      "type": "Feature",
      "geometry": {
        "type": "Polygon",
        "coordinates": [
          [
            [
              93.80867454905116,
              24.51087963940639
            ],
            [
              93.80867281512839,
              24.510608716059384
            ],
            [
              93.80896891875798,
              24.510607129308525
            ],
            [
              93.80897065331547,
              24.510878052635736
            ],
            [
              93.80867454905116,
              24.51087963940639
            ]
          ]
        ]
      },
      "properties": {
        "region": 173,
        "area_ha": 0.09,
        "longitude": 93.80882173406326,
        "latitude": 24.510743384426338,
        "mean_index_change": 0.125774085521698,
        "mean_model_score": null,
        "status": "Needs review",
        "note": ""
      }
    },
    {
      "type": "Feature",
      "geometry": {
        "type": "Polygon",
        "coordinates": [
          [
            [
              93.80748840035596,
              24.510615057255173
            ],
            [
              93.80748666899748,
              24.510344133819185
            ],
            [
              93.80778277209396,
              24.510342549411167
            ],
            [
              93.80778450408717,
              24.510613472827373
            ],
            [
              93.80748840035596,
              24.510615057255173
            ]
          ]
        ]
      },
      "properties": {
        "region": 174,
        "area_ha": 0.09,
        "longitude": 93.80763558638364,
        "latitude": 24.510478803402048,
        "mean_index_change": 0.10885243862867355,
        "mean_model_score": null,
        "status": "Needs review",
        "note": ""
      }
    },
    {
      "type": "Feature",
      "geometry": {
        "type": "Polygon",
        "coordinates": [
          [
            [
              93.8033412229861,
              24.51036625455192
            ],
            [
              93.80333950053891,
              24.51009533083006
            ],
            [
              93.80363560335516,
              24.51009375457233
            ],
            [
              93.80363732643706,
              24.510364678274517
            ],
            [
              93.8033412229861,
              24.51036625455192
            ]
          ]
        ]
      },
      "properties": {
        "region": 175,
        "area_ha": 0.09,
        "longitude": 93.8034884133293,
        "latitude": 24.51023000463103,
        "mean_index_change": 0.11042778193950653,
        "mean_model_score": null,
        "status": "Needs review",
        "note": ""
      }
    },
    {
      "type": "Feature",
      "geometry": {
        "type": "Polygon",
        "coordinates": [
          [
            [
              93.80659490072316,
              24.509807036538717
            ],
            [
              93.80659317134489,
              24.509536113013958
            ],
            [
              93.80688927261338,
              24.509534530407446
            ],
            [
              93.80689100262634,
              24.509805453912463
            ],
            [
              93.80659490072316,
              24.509807036538717
            ]
          ]
        ]
      },
      "properties": {
        "region": 176,
        "area_ha": 0.09,
        "longitude": 93.80674208682694,
        "latitude": 24.509670783541964,
        "mean_index_change": 0.10946483910083771,
        "mean_model_score": null,
        "status": "Needs review",
        "note": ""
      }
    },
    {
      "type": "Feature",
      "geometry": {
        "type": "Polygon",
        "coordinates": [
          [
            [
              93.80955418288755,
              24.50952026081579
            ],
            [
              93.80954897586471,
              24.508707490775944
            ],
            [
              93.81014117406022,
              24.508704313486447
            ],
            [
              93.81014638489106,
              24.50951708340734
            ],
            [
              93.80955418288755,
              24.50952026081579
            ]
          ]
        ]
      },
      "properties": {
        "region": 177,
        "area_ha": 0.54,
        "longitude": 93.80984767940998,
        "latitude": 24.50911228742281,
        "mean_index_change": 0.15055860579013824,
        "mean_model_score": null,
        "status": "Needs review",
        "note": ""
      }
    },
    {
      "type": "Feature",
      "geometry": {
        "type": "Polygon",
        "coordinates": [
          [
            [
              93.80274213144878,
              24.509285710260716
            ],
            [
              93.80273868932031,
              24.50874386264984
            ],
            [
              93.8033308886817,
              24.50874071207323
            ],
            [
              93.80333261100265,
              24.50901163584427
            ],
            [
              93.80303651069991,
              24.509013211442593
            ],
            [
              93.80303823241144,
              24.509284135223457
            ],
            [
              93.80274213144878,
              24.509285710260716
            ]
          ]
        ]
      },
      "properties": {
        "region": 178,
        "area_ha": 0.27,
        "longitude": 93.80298687371516,
        "latitude": 24.508968320020877,
        "mean_index_change": 0.11915910989046097,
        "mean_model_score": null,
        "status": "Needs review",
        "note": ""
      }
    },
    {
      "type": "Feature",
      "geometry": {
        "type": "Polygon",
        "coordinates": [
          [
            [
              93.82080248385707,
              24.508917647667626
            ],
            [
              93.82079896435147,
              24.508375802461533
            ],
            [
              93.8210950618536,
              24.508374192060288
            ],
            [
              93.82109682222811,
              24.508645114648154
            ],
            [
              93.82198511648349,
              24.5086402798999
            ],
            [
              93.82198687878777,
              24.508911202417593
            ],
            [
              93.82080248385707,
              24.508917647667626
            ]
          ]
        ]
      },
      "properties": {
        "region": 179,
        "area_ha": 0.45,
        "longitude": 93.82130461915916,
        "latitude": 24.508725263777922,
        "mean_index_change": 0.1268584281206131,
        "mean_model_score": null,
        "status": "Needs review",
        "note": ""
      }
    },
    {
      "type": "Feature",
      "geometry": {
        "type": "Polygon",
        "coordinates": [
          [
            [
              93.80718018206574,
              24.508720176705417
            ],
            [
              93.80717845151956,
              24.508449253180814
            ],
            [
              93.80747455019866,
              24.508447669491893
            ],
            [
              93.80747281904321,
              24.50817674597722
            ],
            [
              93.80776891706229,
              24.50817516172736
            ],
            [
              93.80777238066788,
              24.508717008707332
            ],
            [
              93.80718018206574,
              24.508720176705417
            ]
          ]
        ]
      },
      "properties": {
        "region": 180,
        "area_ha": 0.27,
        "longitude": 93.80752418852205,
        "latitude": 24.508492559404893,
        "mean_index_change": 0.15543721616268158,
        "mean_model_score": null,
        "status": "Needs review",
        "note": ""
      }
    },
    {
      "type": "Feature",
      "geometry": {
        "type": "Polygon",
        "coordinates": [
          [
            [
              93.80747108791311,
              24.507905822452702
            ],
            [
              93.80746935680841,
              24.50763489891835
            ],
            [
              93.80776545355825,
              24.50763331470804
            ],
            [
              93.80776718529758,
              24.50790423822262
            ],
            [
              93.80747108791311,
              24.507905822452702
            ]
          ]
        ]
      },
      "properties": {
        "region": 181,
        "area_ha": 0.09,
        "longitude": 93.80761827089434,
        "latitude": 24.50776956864924,
        "mean_index_change": 0.1098523810505867,
        "mean_model_score": null,
        "status": "Needs review",
        "note": ""
      }
    },
    {
      "type": "Feature",
      "geometry": {
        "type": "Polygon",
        "coordinates": [
          [
            [
              93.8077637218443,
              24.507362391183616
            ],
            [
              93.80776025849259,
              24.50682054410528
            ],
            [
              93.80805635331322,
              24.506818959373614
            ],
            [
              93.80805981793414,
              24.507360806412397
            ],
            [
              93.8077637218443,
              24.507362391183616
            ]
          ]
        ]
      },
      "properties": {
        "region": 182,
        "area_ha": 0.18,
        "longitude": 93.80791003788653,
        "latitude": 24.50709067534623,
        "mean_index_change": 0.12546268105506897,
        "mean_model_score": null,
        "status": "Needs review",
        "note": ""
      }
    },
    {
      "type": "Feature",
      "geometry": {
        "type": "Polygon",
        "coordinates": [
          [
            [
              93.78851573153891,
              24.507193230945653
            ],
            [
              93.78851404112493,
              24.506922306131543
            ],
            [
              93.78881013757628,
              24.50692075914341
            ],
            [
              93.78881182862487,
              24.50719168393821
            ],
            [
              93.78851573153891,
              24.507193230945653
            ]
          ]
        ]
      },
      "properties": {
        "region": 183,
        "area_ha": 0.09,
        "longitude": 93.78866293471624,
        "latitude": 24.507056995113512,
        "mean_index_change": 0.20759907364845276,
        "mean_model_score": null,
        "status": "Needs review",
        "note": ""
      }
    },
    {
      "type": "Feature",
      "geometry": {
        "type": "Polygon",
        "coordinates": [
          [
            [
              93.79799082594738,
              24.50714343868961
            ],
            [
              93.79798911522597,
              24.50687251449691
            ],
            [
              93.79828521087941,
              24.506870948927244
            ],
            [
              93.79828692223542,
              24.507141873100398
            ],
            [
              93.79799082594738,
              24.50714343868961
            ]
          ]
        ]
      },
      "properties": {
        "region": 184,
        "area_ha": 0.09,
        "longitude": 93.79813801857206,
        "latitude": 24.507007193877353,
        "mean_index_change": 0.10420283675193787,
        "mean_model_score": null,
        "status": "Needs review",
        "note": ""
      }
    },
    {
      "type": "Feature",
      "geometry": {
        "type": "Polygon",
        "coordinates": [
          [
            [
              93.806281512499,
              24.50709938269653
            ],
            [
              93.80627978400881,
              24.50682845905366
            ],
            [
              93.8068719738784,
              24.506825294816306
            ],
            [
              93.80687024414438,
              24.506554371203084
            ],
            [
              93.80716633840655,
              24.50655278823317
            ],
            [
              93.80716979916915,
              24.50709463541025
            ],
            [
              93.806281512499,
              24.50709938269653
            ]
          ]
        ]
      },
      "properties": {
        "region": 185,
        "area_ha": 0.36,
        "longitude": 93.80679838254805,
        "latitude": 24.50689342137599,
        "mean_index_change": 0.10933531820774078,
        "mean_model_score": null,
        "status": "Needs review",
        "note": ""
      }
    },
    {
      "type": "Feature",
      "geometry": {
        "type": "Polygon",
        "coordinates": [
          [
            [
              93.78673746189676,
              24.50693157586615
            ],
            [
              93.78673577531517,
              24.50666065092652
            ],
            [
              93.78703187128045,
              24.50665910744171
            ],
            [
              93.78703355849666,
              24.506930032362074
            ],
            [
              93.78673746189676,
              24.50693157586615
            ]
          ]
        ]
      },
      "properties": {
        "region": 186,
        "area_ha": 0.09,
        "longitude": 93.78688466674726,
        "latitude": 24.506795341722924,
        "mean_index_change": 0.10445688664913177,
        "mean_model_score": null,
        "status": "Needs review",
        "note": ""
      }
    },
    {
      "type": "Feature",
      "geometry": {
        "type": "Polygon",
        "coordinates": [
          [
            [
              93.80835244810845,
              24.50681737406128
            ],
            [
              93.8083507152015,
              24.506546450546924
            ],
            [
              93.80864680933675,
              24.50654486467372
            ],
            [
              93.8086485428783,
              24.50681578816829
            ],
            [
              93.80835244810845,
              24.50681737406128
            ]
          ]
        ]
      },
      "properties": {
        "region": 189,
        "area_ha": 0.09,
        "longitude": 93.80849962888125,
        "latitude": 24.506681119436365,
        "mean_index_change": 0.11048537492752075,
        "mean_model_score": null,
        "status": "Needs review",
        "note": ""
      }
    },
    {
      "type": "Feature",
      "geometry": {
        "type": "Polygon",
        "coordinates": [
          [
            [
              93.78881013757628,
              24.50692075914341
            ],
            [
              93.78880675555342,
              24.50637890952431
            ],
            [
              93.7891028507108,
              24.506377361994126
            ],
            [
              93.78910623400283,
              24.50691921157459
            ],
            [
              93.78881013757628,
              24.50692075914341
            ]
          ]
        ]
      },
      "properties": {
        "region": 187,
        "area_ha": 0.18,
        "longitude": 93.78895649445154,
        "latitude": 24.506649060636608,
        "mean_index_change": 0.31778639554977417,
        "mean_model_score": null,
        "status": "Needs review",
        "note": ""
      }
    },
    {
      "type": "Feature",
      "geometry": {
        "type": "Polygon",
        "coordinates": [
          [
            [
              93.8077585268548,
              24.506549620551354
            ],
            [
              93.8077567952424,
              24.50627869698759
            ],
            [
              93.80834898231994,
              24.50627552702272
            ],
            [
              93.8083507152015,
              24.506546450546924
            ],
            [
              93.8077585268548,
              24.506549620551354
            ]
          ]
        ]
      },
      "properties": {
        "region": 191,
        "area_ha": 0.18,
        "longitude": 93.80805375491418,
        "latitude": 24.5064125740687,
        "mean_index_change": 0.10157154500484467,
        "mean_model_score": null,
        "status": "Needs review",
        "note": ""
      }
    },
    {
      "type": "Feature",
      "geometry": {
        "type": "Polygon",
        "coordinates": [
          [
            [
              93.7991717844545,
              24.50659532460989
            ],
            [
              93.79916835806044,
              24.506053476331722
            ],
            [
              93.79946445170974,
              24.50605190849808
            ],
            [
              93.79946616552878,
              24.506322832622512
            ],
            [
              93.79976225978753,
              24.506321264188646
            ],
            [
              93.79976397426627,
              24.506592188283673
            ],
            [
              93.7991717844545,
              24.50659532460989
            ]
          ]
        ]
      },
      "properties": {
        "region": 190,
        "area_ha": 0.27,
        "longitude": 93.79941710210454,
        "latitude": 24.506368247992032,
        "mean_index_change": 0.13300062716007233,
        "mean_model_score": null,
        "status": "Needs review",
        "note": ""
      }
    },
    {
      "type": "Feature",
      "geometry": {
        "type": "Polygon",
        "coordinates": [
          [
            [
              93.78851066037129,
              24.50638045647383
            ],
            [
              93.78850897003163,
              24.50610953163023
            ],
            [
              93.78880506457921,
              24.506107984700016
            ],
            [
              93.78880675555342,
              24.50637890952431
            ],
            [
              93.78851066037129,
              24.50638045647383
            ]
          ]
        ]
      },
      "properties": {
        "region": 192,
        "area_ha": 0.09,
        "longitude": 93.78865786263388,
        "latitude": 24.50624422065591,
        "mean_index_change": 0.2840619385242462,
        "mean_model_score": null,
        "status": "Needs review",
        "note": ""
      }
    },
    {
      "type": "Feature",
      "geometry": {
        "type": "Polygon",
        "coordinates": [
          [
            [
              93.78821287545928,
              24.506111077979792
            ],
            [
              93.78821118577898,
              24.505840153107066
            ],
            [
              93.78850727971675,
              24.5058386067768
            ],
            [
              93.78850897003163,
              24.50610953163023
            ],
            [
              93.78821287545928,
              24.506111077979792
            ]
          ]
        ]
      },
      "properties": {
        "region": 193,
        "area_ha": 0.09,
        "longitude": 93.78836007774666,
        "latitude": 24.505974842447287,
        "mean_index_change": 0.13537773489952087,
        "mean_model_score": null,
        "status": "Needs review",
        "note": ""
      }
    },
    {
      "type": "Feature",
      "geometry": {
        "type": "Polygon",
        "coordinates": [
          [
            [
              93.80509540396562,
              24.506834780560403
            ],
            [
              93.80509367803913,
              24.50656385682881
            ],
            [
              93.80450148913486,
              24.506567014058785
            ],
            [
              93.80449803989606,
              24.506025166487262
            ],
            [
              93.80479413309168,
              24.506023588201998
            ],
            [
              93.8047906826849,
              24.50548174063054
            ],
            [
              93.80508677458612,
              24.50548016180404
            ],
            [
              93.80508850041143,
              24.50575108557499
            ],
            [
              93.80538459292188,
              24.50574950614815
            ],
            [
              93.80538631940705,
              24.50602042988954
            ],
            [
              93.80568241252678,
              24.506018849862343
            ],
            [
              93.80568586684218,
              24.506560697276193
            ],
            [
              93.80538977245331,
              24.506562277342827
            ],
            [
              93.80539149901439,
              24.50683320105472
            ],
            [
              93.80509540396562,
              24.506834780560403
            ]
          ]
        ]
      },
      "properties": {
        "region": 188,
        "area_ha": 1.08,
        "longitude": 93.80509137684315,
        "latitude": 24.506202625171372,
        "mean_index_change": 0.1273105889558792,
        "mean_model_score": null,
        "status": "Needs review",
        "note": ""
      }
    },
    {
      "type": "Feature",
      "geometry": {
        "type": "Polygon",
        "coordinates": [
          [
            [
              93.78850727971675,
              24.5058386067768
            ],
            [
              93.78850558942666,
              24.505567681913536
            ],
            [
              93.7888016827051,
              24.505566135021937
            ],
            [
              93.78880337362975,
              24.50583705986589
            ],
            [
              93.78850727971675,
              24.5058386067768
            ]
          ]
        ]
      },
      "properties": {
        "region": 195,
        "area_ha": 0.09,
        "longitude": 93.78865448136958,
        "latitude": 24.50570237096835,
        "mean_index_change": 0.11039290577173233,
        "mean_model_score": null,
        "status": "Needs review",
        "note": ""
      }
    },
    {
      "type": "Feature",
      "geometry": {
        "type": "Polygon",
        "coordinates": [
          [
            [
              93.77044220137829,
              24.505390018266954
            ],
            [
              93.77044054984546,
              24.505119092220053
            ],
            [
              93.77073664334931,
              24.505117580785555
            ],
            [
              93.77073829551671,
              24.5053885068136
            ],
            [
              93.77044220137829,
              24.505390018266954
            ]
          ]
        ]
      },
      "properties": {
        "region": 196,
        "area_ha": 0.09,
        "longitude": 93.77058942252245,
        "latitude": 24.505253799595344,
        "mean_index_change": 0.13490350544452667,
        "mean_model_score": null,
        "status": "Needs review",
        "note": ""
      }
    },
    {
      "type": "Feature",
      "geometry": {
        "type": "Polygon",
        "coordinates": [
          [
            [
              93.78909608442433,
              24.505293662715218
            ],
            [
              93.7890943929147,
              24.505022737870913
            ],
            [
              93.78939048487445,
              24.505021189856674
            ],
            [
              93.78939217701863,
              24.50529211468166
            ],
            [
              93.78909608442433,
              24.505293662715218
            ]
          ]
        ]
      },
      "properties": {
        "region": 197,
        "area_ha": 0.09,
        "longitude": 93.78924328480802,
        "latitude": 24.505157426354923,
        "mean_index_change": 0.1265466958284378,
        "mean_model_score": null,
        "status": "Needs review",
        "note": ""
      }
    },
    {
      "type": "Feature",
      "geometry": {
        "type": "Polygon",
        "coordinates": [
          [
            [
              93.80152851562333,
              24.50468629732066
            ],
            [
              93.80152679751342,
              24.5044153732744
            ],
            [
              93.80182288715422,
              24.504413800913333
            ],
            [
              93.80182460589864,
              24.504684724939974
            ],
            [
              93.80152851562333,
              24.50468629732066
            ]
          ]
        ]
      },
      "properties": {
        "region": 199,
        "area_ha": 0.09,
        "longitude": 93.80167570154741,
        "latitude": 24.504550049185905,
        "mean_index_change": 0.11500190943479538,
        "mean_model_score": null,
        "status": "Needs review",
        "note": ""
      }
    },
    {
      "type": "Feature",
      "geometry": {
        "type": "Polygon",
        "coordinates": [
          [
            [
              93.79595569570017,
              24.51311471431086
            ],
            [
              93.79595398887064,
              24.512843790197945
            ],
            [
              93.7962500986629,
              24.512842228264216
            ],
            [
              93.7962432690558,
              24.5117585317922
            ],
            [
              93.79594716180269,
              24.511760093647975
            ],
            [
              93.7959420417644,
              24.510947321132218
            ],
            [
              93.79564593639054,
              24.510948882348742
            ],
            [
              93.79563058333888,
              24.508510564095086
            ],
            [
              93.79592668300045,
              24.508509003053895
            ],
            [
              93.79592838942972,
              24.50877992732416
            ],
            [
              93.79622448970095,
              24.508778365682765
            ],
            [
              93.79622278263702,
              24.508507441431988
            ],
            [
              93.79651888224856,
              24.50850587922937
            ],
            [
              93.79651717457502,
              24.508234954988264
            ],
            [
              93.79622107559813,
              24.508236517171383
            ],
            [
              93.79621936858425,
              24.507965592900945
            ],
            [
              93.79533107340738,
              24.507970275907624
            ],
            [
              93.79532936832243,
              24.50769935156891
            ],
            [
              93.79592156386273,
              24.507696230184113
            ],
            [
              93.79591985753353,
              24.507425305874516
            ],
            [
              93.79503156608942,
              24.507429987022256
            ],
            [
              93.79502815731371,
              24.506888138256727
            ],
            [
              93.79562034909635,
              24.506885018150133
            ],
            [
              93.79561864347677,
              24.506614093791555
            ],
            [
              93.795914738696,
              24.506612532886734
            ],
            [
              93.79590962008358,
              24.505799759810444
            ],
            [
              93.79561352676808,
              24.50580132065683
            ],
            [
              93.79560670483988,
              24.504717623006194
            ],
            [
              93.7961988863695,
              24.504714500888653
            ],
            [
              93.7962005930831,
              24.5049854252771
            ],
            [
              93.79708886709344,
              24.504980737687692
            ],
            [
              93.79708715847624,
              24.504709813357756
            ],
            [
              93.7973832491284,
              24.504708249686228
            ],
            [
              93.79737983070012,
              24.504166401035903
            ],
            [
              93.7976759200582,
              24.504164836822806
            ],
            [
              93.79768104964177,
              24.50497760972499
            ],
            [
              93.79738495838012,
              24.504979173996656
            ],
            [
              93.79739008628565,
              24.505791946868904
            ],
            [
              93.79768617945093,
              24.50579038253867
            ],
            [
              93.79768788943746,
              24.506061306790237
            ],
            [
              93.79798398321223,
              24.506059741859826
            ],
            [
              93.7979856938584,
              24.506330666082018
            ],
            [
              93.79768959944906,
              24.50633223103196
            ],
            [
              93.79769301954745,
              24.506874079485915
            ],
            [
              93.79739692384385,
              24.506875643894247
            ],
            [
              93.79739863329605,
              24.50714656812599
            ],
            [
              93.79680644054447,
              24.507149695239665
            ],
            [
              93.79680985698559,
              24.507691543751715
            ],
            [
              93.79769814988306,
              24.507686852093084
            ],
            [
              93.79770328044431,
              24.50849962461176
            ],
            [
              93.79711108139655,
              24.508502753081995
            ],
            [
              93.79711449935739,
              24.509044601456687
            ],
            [
              93.79681839852661,
              24.50904616485975
            ],
            [
              93.79682352375174,
              24.509858937406566
            ],
            [
              93.79652742099184,
              24.509860500287413
            ],
            [
              93.79653254453821,
              24.510673272804222
            ],
            [
              93.79623643984911,
              24.510674835162813
            ],
            [
              93.7962398544024,
              24.511216683497175
            ],
            [
              93.79653596036096,
              24.511215121099596
            ],
            [
              93.7965376683099,
              24.51148604523253
            ],
            [
              93.79683377487817,
              24.511484482234657
            ],
            [
              93.7968423181723,
              24.51283910265427
            ],
            [
              93.7965462084301,
              24.512840665749657
            ],
            [
              93.79654791652926,
              24.51311158982358
            ],
            [
              93.79595569570017,
              24.51311471431086
            ]
          ],
          [
            [
              93.79681498183507,
              24.508504316446043
            ],
            [
              93.79711108139655,
              24.508502753081995
            ],
            [
              93.79710937245369,
              24.5082318288799
            ],
            [
              93.79740547135546,
              24.508230264954655
            ],
            [
              93.79740376180301,
              24.507959340762234
            ],
            [
              93.79681156524371,
              24.507962467992993
            ],
            [
              93.79681498183507,
              24.508504316446043
            ]
          ]
        ]
      },
      "properties": {
        "region": 157,
        "area_ha": 11.61,
        "longitude": 93.79647745489717,
        "latitude": 24.50794217860678,
        "mean_index_change": 0.18957582116127014,
        "mean_model_score": null,
        "status": "Needs review",
        "note": ""
      }
    },
    {
      "type": "Feature",
      "geometry": {
        "type": "Polygon",
        "coordinates": [
          [
            [
              93.7994558829914,
              24.504697287728415
            ],
            [
              93.79945245567991,
              24.504155439351713
            ],
            [
              93.8000446340196,
              24.50415230221658
            ],
            [
              93.80004806386913,
              24.504694150514965
            ],
            [
              93.7994558829914,
              24.504697287728415
            ]
          ]
        ]
      },
      "properties": {
        "region": 198,
        "area_ha": 0.36,
        "longitude": 93.79975025914,
        "latitude": 24.50442479524814,
        "mean_index_change": 0.16704151034355164,
        "mean_model_score": null,
        "status": "Needs review",
        "note": ""
      }
    },
    {
      "type": "Feature",
      "geometry": {
        "type": "Polygon",
        "coordinates": [
          [
            [
              93.77043724685242,
              24.504577240096765
            ],
            [
              93.77043559539221,
              24.50430631402038
            ],
            [
              93.77102777856845,
              24.50430329068396
            ],
            [
              93.77102943129772,
              24.504574216722613
            ],
            [
              93.77043724685242,
              24.504577240096765
            ]
          ]
        ]
      },
      "properties": {
        "region": 200,
        "area_ha": 0.18,
        "longitude": 93.77073251303678,
        "latitude": 24.50444026567247,
        "mean_index_change": 0.15494805574417114,
        "mean_model_score": null,
        "status": "Needs review",
        "note": ""
      }
    },
    {
      "type": "Feature",
      "geometry": {
        "type": "Polygon",
        "coordinates": [
          [
            [
              93.79886027723973,
              24.504158574164467
            ],
            [
              93.79885856489068,
              24.50388764992224
            ],
            [
              93.79915465348881,
              24.503886082825723
            ],
            [
              93.79915636647237,
              24.5041570070484
            ],
            [
              93.79886027723973,
              24.504158574164467
            ]
          ]
        ]
      },
      "properties": {
        "region": 201,
        "area_ha": 0.09,
        "longitude": 93.7990074655229,
        "latitude": 24.504022328564012,
        "mean_index_change": 0.10046456009149551,
        "mean_model_score": null,
        "status": "Needs review",
        "note": ""
      }
    },
    {
      "type": "Feature",
      "geometry": {
        "type": "Polygon",
        "coordinates": [
          [
            [
              93.79648985520255,
              24.50390016579314
            ],
            [
              93.79648814795452,
              24.503629241384864
            ],
            [
              93.79678423611874,
              24.503627678952572
            ],
            [
              93.79678594400126,
              24.503898603341348
            ],
            [
              93.79648985520255,
              24.50390016579314
            ]
          ]
        ]
      },
      "properties": {
        "region": 202,
        "area_ha": 0.09,
        "longitude": 93.79663704581927,
        "latitude": 24.50376392244178,
        "mean_index_change": 0.11229501664638519,
        "mean_model_score": null,
        "status": "Needs review",
        "note": ""
      }
    },
    {
      "type": "Feature",
      "geometry": {
        "type": "Polygon",
        "coordinates": [
          [
            [
              93.79708032425793,
              24.503626115939692
            ],
            [
              93.79707861576597,
              24.503355191560594
            ],
            [
              93.79737470324562,
              24.503353627986648
            ],
            [
              93.79737641237207,
              24.503624552346235
            ],
            [
              93.79708032425793,
              24.503626115939692
            ]
          ]
        ]
      },
      "properties": {
        "region": 203,
        "area_ha": 0.09,
        "longitude": 93.7972275139104,
        "latitude": 24.50348987203209,
        "mean_index_change": 0.12781107425689697,
        "mean_model_score": null,
        "status": "Needs review",
        "note": ""
      }
    },
    {
      "type": "Feature",
      "geometry": {
        "type": "Polygon",
        "coordinates": [
          [
            [
              93.7982646765641,
              24.503619858082352
            ],
            [
              93.79826125452942,
              24.503078009470528
            ],
            [
              93.79855734127433,
              24.503076443593827
            ],
            [
              93.7985590529136,
              24.50334736788511
            ],
            [
              93.79885514026788,
              24.503345801408287
            ],
            [
              93.79885685256673,
              24.50361672567018
            ],
            [
              93.7982646765641,
              24.503619858082352
            ]
          ]
        ]
      },
      "properties": {
        "region": 204,
        "area_ha": 0.27,
        "longitude": 93.79850999027681,
        "latitude": 24.503392782956272,
        "mean_index_change": 0.11493515223264694,
        "mean_model_score": null,
        "status": "Needs review",
        "note": ""
      }
    },
    {
      "type": "Feature",
      "geometry": {
        "type": "Polygon",
        "coordinates": [
          [
            [
              93.79678252826128,
              24.50335675455397
            ],
            [
              93.79678082042884,
              24.503085830145523
            ],
            [
              93.79707690729907,
              24.503084267171662
            ],
            [
              93.79707861576597,
              24.503355191560594
            ],
            [
              93.79678252826128,
              24.50335675455397
            ]
          ]
        ]
      },
      "properties": {
        "region": 205,
        "area_ha": 0.09,
        "longitude": 93.7969297179388,
        "latitude": 24.503220510931737,
        "mean_index_change": 0.14359933137893677,
        "mean_model_score": null,
        "status": "Needs review",
        "note": ""
      }
    },
    {
      "type": "Feature",
      "geometry": {
        "type": "Polygon",
        "coordinates": [
          [
            [
              93.79061722697779,
              24.51178810773458
            ],
            [
              93.7906155316991,
              24.511517183222928
            ],
            [
              93.79091163876633,
              24.511515631840975
            ],
            [
              93.79090655117517,
              24.51070285830509
            ],
            [
              93.78972213037414,
              24.51070906011594
            ],
            [
              93.78971705062334,
              24.50989628625939
            ],
            [
              93.78942094726517,
              24.509897835202175
            ],
            [
              93.78941417715035,
              24.508814136511795
            ],
            [
              93.78911807630611,
              24.508815684796538
            ],
            [
              93.78911638447411,
              24.508544760080042
            ],
            [
              93.78882028423975,
              24.508546307764735
            ],
            [
              93.78881521079646,
              24.50773353349831
            ],
            [
              93.78970350571329,
              24.50772888887596
            ],
            [
              93.78970181271121,
              24.50745796415878
            ],
            [
              93.78999791033257,
              24.507456414809273
            ],
            [
              93.78999452313366,
              24.50691456538411
            ],
            [
              93.78969842678153,
              24.506916114694945
            ],
            [
              93.78969504095113,
              24.506374265191777
            ],
            [
              93.78999113603406,
              24.506372715919607
            ],
            [
              93.7899894425215,
              24.506101791172615
            ],
            [
              93.79028553694504,
              24.50610024133913
            ],
            [
              93.79028384282273,
              24.50582931660165
            ],
            [
              93.78998774903377,
              24.50583086641579
            ],
            [
              93.78998436213278,
              24.505289016872638
            ],
            [
              93.78968826958811,
              24.505290566067465
            ],
            [
              93.7896865768094,
              24.505019641261807
            ],
            [
              93.78939048487445,
              24.505021189856674
            ],
            [
              93.7893887927551,
              24.504750265021855
            ],
            [
              93.7899809753311,
              24.504747167290162
            ],
            [
              93.78997928196749,
              24.504476242484184
            ],
            [
              93.79027537258374,
              24.504474692766756
            ],
            [
              93.79027367861045,
              24.504203767970285
            ],
            [
              93.79056976856732,
              24.504202217691592
            ],
            [
              93.79056807398436,
              24.50393129290464
            ],
            [
              93.79086416328191,
              24.503929742064706
            ],
            [
              93.79086246808929,
              24.50365881728728
            ],
            [
              93.7914546453408,
              24.503655713904354
            ],
            [
              93.79145294890405,
              24.503384789155835
            ],
            [
              93.79204512478712,
              24.50338168348933
            ],
            [
              93.7920434271063,
              24.503110758769736
            ],
            [
              93.79233951437601,
              24.503109205085007
            ],
            [
              93.7923378160856,
              24.502838280374977
            ],
            [
              93.79263390269597,
              24.502836726129072
            ],
            [
              93.79263560162084,
              24.503107650819707
            ],
            [
              93.79293168884075,
              24.50310609597383
            ],
            [
              93.79293338842503,
              24.503377020635227
            ],
            [
              93.7932294762545,
              24.50337546518937
            ],
            [
              93.79322777603575,
              24.503104540547387
            ],
            [
              93.79352386320583,
              24.503102984540373
            ],
            [
              93.79353576970198,
              24.504999456691795
            ],
            [
              93.79323967809037,
              24.505001012834764
            ],
            [
              93.79324477934483,
              24.505813786524737
            ],
            [
              93.79354087286009,
              24.505812230323496
            ],
            [
              93.79354597624265,
              24.506625003866713
            ],
            [
              93.79384207163669,
              24.506623447026545
            ],
            [
              93.7938437734487,
              24.50689437150185
            ],
            [
              93.7941398694524,
              24.506892814061576
            ],
            [
              93.79414157192394,
              24.50716373850761
            ],
            [
              93.79473376512567,
              24.507160621846158
            ],
            [
              93.7947354688914,
              24.50743154624346
            ],
            [
              93.79443937166842,
              24.507433104883983
            ],
            [
              93.7944410748245,
              24.507704029290913
            ],
            [
              93.79414497694192,
              24.507705587370186
            ],
            [
              93.79414838205972,
              24.50824743619344
            ],
            [
              93.7938522828829,
              24.508248993730895
            ],
            [
              93.79385398484459,
              24.508519918147208
            ],
            [
              93.79415008465605,
              24.508518360590305
            ],
            [
              93.79416030075824,
              24.51014390676504
            ],
            [
              93.79445640435287,
              24.510142348510758
            ],
            [
              93.7944615146451,
              24.51095512140703
            ],
            [
              93.79298098690155,
              24.510962907162323
            ],
            [
              93.79298268720851,
              24.511233831538572
            ],
            [
              93.79239047466706,
              24.511236941814026
            ],
            [
              93.79239217372943,
              24.511507866219254
            ],
            [
              93.79209606678658,
              24.511509420505188
            ],
            [
              93.79209776523909,
              24.511780344919977
            ],
            [
              93.79061722697779,
              24.51178810773458
            ]
          ]
        ]
      },
      "properties": {
        "region": 165,
        "area_ha": 36.72,
        "longitude": 93.79183726845619,
        "latitude": 24.507620094984755,
        "mean_index_change": 0.27822044491767883,
        "mean_model_score": null,
        "status": "Needs review",
        "note": ""
      }
    },
    {
      "type": "Feature",
      "geometry": {
        "type": "Polygon",
        "coordinates": [
          [
            [
              93.78493564275891,
              24.50287694783841
            ],
            [
              93.78493227797563,
              24.502335097423575
            ],
            [
              93.78463619198986,
              24.50233663653631
            ],
            [
              93.78462778363544,
              24.500982010231176
            ],
            [
              93.78492386644908,
              24.500980471214504
            ],
            [
              93.78492554870506,
              24.501251396475975
            ],
            [
              93.78522163212844,
              24.501249856859566
            ],
            [
              93.78523172998894,
              24.50287540810669
            ],
            [
              93.78493564275891,
              24.50287694783841
            ]
          ]
        ]
      },
      "properties": {
        "region": 206,
        "area_ha": 0.99,
        "longitude": 93.78494290697995,
        "latitude": 24.501879380481405,
        "mean_index_change": 0.12843982875347137,
        "mean_model_score": null,
        "status": "Needs review",
        "note": ""
      }
    },
    {
      "type": "Feature",
      "geometry": {
        "type": "Polygon",
        "coordinates": [
          [
            [
              93.806570691734,
              24.506014106296906
            ],
            [
              93.80656723371256,
              24.505472258962122
            ],
            [
              93.80627114193791,
              24.505473840691764
            ],
            [
              93.80627287030143,
              24.505744764383817
            ],
            [
              93.80538459292188,
              24.50574950614815
            ],
            [
              93.80538286646204,
              24.50547858239692
            ],
            [
              93.80567895831265,
              24.50547700240916
            ],
            [
              93.80567723124358,
              24.505206078667815
            ],
            [
              93.80597332243434,
              24.505204498119156
            ],
            [
              93.80596641187313,
              24.50412080313432
            ],
            [
              93.80567032322044,
              24.50412238360407
            ],
            [
              93.80567377718137,
              24.504664231155612
            ],
            [
              93.80537768723435,
              24.504665811084205
            ],
            [
              93.8053811400275,
              24.505207658635847
            ],
            [
              93.80508504878613,
              24.505209238023266
            ],
            [
              93.80507987153793,
              24.504396466621916
            ],
            [
              93.80537596087575,
              24.50439488729364
            ],
            [
              93.80537423454244,
              24.504123963493228
            ],
            [
              93.80418987957742,
              24.504130277243945
            ],
            [
              93.80419332719327,
              24.504672124992524
            ],
            [
              93.8038972371198,
              24.50467370201808
            ],
            [
              93.80389896033111,
              24.504944625897316
            ],
            [
              93.80330677883933,
              24.504947778245956
            ],
            [
              93.80330333498006,
              24.50440593039898
            ],
            [
              93.80389551393375,
              24.50440277812903
            ],
            [
              93.80389206763746,
              24.503860930321405
            ],
            [
              93.80359597944225,
              24.50386250670733
            ],
            [
              93.80359425696648,
              24.503591582769086
            ],
            [
              93.80329816938048,
              24.50359315855476
            ],
            [
              93.8032930040081,
              24.50278038662203
            ],
            [
              93.80270083256721,
              24.502783536333688
            ],
            [
              93.80269911209581,
              24.502512612297135
            ],
            [
              93.80240302697197,
              24.502514186262484
            ],
            [
              93.80240130716024,
              24.502243262196444
            ],
            [
              93.80121696895061,
              24.502249552173804
            ],
            [
              93.8012186862246,
              24.502520476318356
            ],
            [
              93.8009226009748,
              24.502522047380946
            ],
            [
              93.8009243176395,
              24.50279297153527
            ],
            [
              93.80062823173007,
              24.50279454203691
            ],
            [
              93.80062651569982,
              24.50252361786298
            ],
            [
              93.80033043039968,
              24.50252518776447
            ],
            [
              93.80032871502902,
              24.50225426356111
            ],
            [
              93.79973654562221,
              24.502257401583254
            ],
            [
              93.79973483154558,
              24.50198647733089
            ],
            [
              93.7994387474389,
              24.50198804545158
            ],
            [
              93.79944217434841,
              24.502529893985603
            ],
            [
              93.79914608894775,
              24.502531461564878
            ],
            [
              93.79914951468884,
              24.503073310098717
            ],
            [
              93.79944560135843,
              24.50307174248031
            ],
            [
              93.79944731490112,
              24.503342666712914
            ],
            [
              93.79885514026788,
              24.503345801408287
            ],
            [
              93.79885000352195,
              24.502533028563604
            ],
            [
              93.79855391807106,
              24.502534594981768
            ],
            [
              93.79855049496818,
              24.50199274633038
            ],
            [
              93.7988465791502,
              24.501991179951318
            ],
            [
              93.79884486700196,
              24.50172025563043
            ],
            [
              93.8000292009412,
              24.501713984387063
            ],
            [
              93.8000274862804,
              24.501443060134623
            ],
            [
              93.80091573456765,
              24.501438350665303
            ],
            [
              93.80091401802878,
              24.501167426461812
            ],
            [
              93.80121010010647,
              24.50116585549727
            ],
            [
              93.80120838295838,
              24.500894931303552
            ],
            [
              93.80150446437649,
              24.500893359778114
            ],
            [
              93.80150274661918,
              24.50062243559418
            ],
            [
              93.80239098881924,
              24.500617717593702
            ],
            [
              93.80239270847972,
              24.500888641718742
            ],
            [
              93.80357703359762,
              24.500882342845813
            ],
            [
              93.8035787558209,
              24.501153266882394
            ],
            [
              93.80387483767166,
              24.50115169069322
            ],
            [
              93.80387656055456,
              24.50142261470029
            ],
            [
              93.80417264301448,
              24.501421037910923
            ],
            [
              93.80417091949717,
              24.50115011392353
            ],
            [
              93.80446700129741,
              24.501148536573325
            ],
            [
              93.80446527717098,
              24.500877612595794
            ],
            [
              93.80476135831155,
              24.500876034684772
            ],
            [
              93.80476308307239,
              24.501146958642614
            ],
            [
              93.80505916482205,
              24.501145380131383
            ],
            [
              93.80505743942683,
              24.500874456193248
            ],
            [
              93.80535352051682,
              24.500872877121218
            ],
            [
              93.80535179451252,
              24.50060195319295
            ],
            [
              93.8056478749428,
              24.50060037356014
            ],
            [
              93.80564960158151,
              24.500871297468677
            ],
            [
              93.80594568262087,
              24.500869717235638
            ],
            [
              93.80594740991927,
              24.501140641114613
            ],
            [
              93.80624349156771,
              24.501139060281336
            ],
            [
              93.80624521952583,
              24.50140998413075
            ],
            [
              93.80654130178334,
              24.501408402697216
            ],
            [
              93.8065430304012,
              24.501679326517063
            ],
            [
              93.80683911326777,
              24.50167774448326
            ],
            [
              93.8068408425454,
              24.50194866827351
            ],
            [
              93.80713692602103,
              24.501947085639436
            ],
            [
              93.80713865595845,
              24.502218009400103
            ],
            [
              93.80684257184839,
              24.502219592053933
            ],
            [
              93.80684775990946,
              24.503032363336192
            ],
            [
              93.8065516738707,
              24.50303394546873
            ],
            [
              93.80654821640687,
              24.502492097917564
            ],
            [
              93.80625213161166,
              24.50249367943006
            ],
            [
              93.80625385969645,
              24.5027646032303
            ],
            [
              93.80595777424148,
              24.502766184181976
            ],
            [
              93.80595950171717,
              24.503037107992117
            ],
            [
              93.8056634156024,
              24.503038688382965
            ],
            [
              93.80565996194528,
              24.5024968407134
            ],
            [
              93.8053638770741,
              24.502498420484248
            ],
            [
              93.80536905569438,
              24.503311192032996
            ],
            [
              93.80714557596173,
              24.50330170434442
            ],
            [
              93.80714384592287,
              24.503030780623096
            ],
            [
              93.80743993191089,
              24.503029197329433
            ],
            [
              93.80744166258424,
              24.503300121030996
            ],
            [
              93.80803383575311,
              24.503296952662446
            ],
            [
              93.80803210381085,
              24.503026029000424
            ],
            [
              93.80832818972274,
              24.503024443965074
            ],
            [
              93.80832299214498,
              24.50221167297936
            ],
            [
              93.80861907612812,
              24.502210087422824
            ],
            [
              93.80861734301858,
              24.501939163761037
            ],
            [
              93.8089134263419,
              24.50193757764376
            ],
            [
              93.80891169262334,
              24.50166665399194
            ],
            [
              93.80950385792488,
              24.501663480055406
            ],
            [
              93.80950212296293,
              24.501392556433363
            ],
            [
              93.8100942868939,
              24.501389380214377
            ],
            [
              93.81009949566258,
              24.50220215093205
            ],
            [
              93.80980341180656,
              24.502203739391284
            ],
            [
              93.80980514747927,
              24.502474662963998
            ],
            [
              93.81010123196971,
              24.50247307448494
            ],
            [
              93.8101029683023,
              24.502743998027988
            ],
            [
              93.8098068831774,
              24.502745586526874
            ],
            [
              93.80981209042454,
              24.503558357156496
            ],
            [
              93.8095160033708,
              24.503559945134285
            ],
            [
              93.80951947372715,
              24.504101792211163
            ],
            [
              93.80922338537901,
              24.504103379648004
            ],
            [
              93.80922511996084,
              24.5043743031915
            ],
            [
              93.80892903095277,
              24.504375890067564
            ],
            [
              93.80893076492552,
              24.504646813621026
            ],
            [
              93.80863467525752,
              24.50464839993629
            ],
            [
              93.80863294191927,
              24.504377476363025
            ],
            [
              93.80774467466637,
              24.50438223176583
            ],
            [
              93.80774640610107,
              24.504653155398447
            ],
            [
              93.80745031633148,
              24.504654739391285
            ],
            [
              93.807453778008,
              24.505196586666557
            ],
            [
              93.80774986904665,
              24.505195002634174
            ],
            [
              93.80775160055751,
              24.505465926237274
            ],
            [
              93.80834378382772,
              24.505462756391097
            ],
            [
              93.80834551663305,
              24.505733679944804
            ],
            [
              93.80864160886462,
              24.50573209413098
            ],
            [
              93.80864334232992,
              24.50600301765506
            ],
            [
              93.80775506365538,
              24.506007773413987
            ],
            [
              93.80775333209375,
              24.50573684983055
            ],
            [
              93.80745723978602,
              24.505738433902472
            ],
            [
              93.80745550888433,
              24.505467510289435
            ],
            [
              93.80715941718576,
              24.50546909376096
            ],
            [
              93.80716287774543,
              24.506010941016733
            ],
            [
              93.806570691734,
              24.506014106296906
            ]
          ],
          [
            [
              93.80656723371256,
              24.505472258962122
            ],
            [
              93.80686332546183,
              24.505470676651854
            ],
            [
              93.80686159585458,
              24.505199752989455
            ],
            [
              93.80656550473985,
              24.50520133527998
            ],
            [
              93.80656723371256,
              24.505472258962122
            ]
          ],
          [
            [
              93.80596641187313,
              24.50412080313432
            ],
            [
              93.80655858910251,
              24.504117640453035
            ],
            [
              93.80655686025653,
              24.503846716721714
            ],
            [
              93.80596468429614,
              24.503849879363525
            ],
            [
              93.80596641187313,
              24.50412080313432
            ]
          ],
          [
            [
              93.8038903445272,
              24.503590006402842
            ],
            [
              93.80418643206268,
              24.503588429456013
            ],
            [
              93.8041847083432,
              24.503317505547297
            ],
            [
              93.80477688206938,
              24.503314349951296
            ],
            [
              93.80477515710623,
              24.503043426072125
            ],
            [
              93.80507124329694,
              24.503041847422963
            ],
            [
              93.80506951772462,
              24.502770923553665
            ],
            [
              93.8047734321684,
              24.502772502183124
            ],
            [
              93.80477170725584,
              24.50250157828429
            ],
            [
              93.80447562230877,
              24.502503156313487
            ],
            [
              93.80447734658688,
              24.50277408023202
            ],
            [
              93.80388517534801,
              24.50277723458814
            ],
            [
              93.80388689838247,
              24.50304815853621
            ],
            [
              93.80359081209069,
              24.503049734863104
            ],
            [
              93.80359253451596,
              24.503320658821018
            ],
            [
              93.80388862144221,
              24.503319082474444
            ],
            [
              93.8038903445272,
              24.503590006402842
            ]
          ],
          [
            [
              93.80269911209581,
              24.502512612297135
            ],
            [
              93.80299519719442,
              24.502511037751233
            ],
            [
              93.80299347611378,
              24.502240113724497
            ],
            [
              93.80269739164962,
              24.502241688250738
            ],
            [
              93.80269911209581,
              24.502512612297135
            ]
          ],
          [
            [
              93.80506779217761,
              24.502499999674544
            ],
            [
              93.8053638770741,
              24.502498420484248
            ],
            [
              93.80536215091796,
              24.502227496614985
            ],
            [
              93.80506606665591,
              24.50222907578558
            ],
            [
              93.80506779217761,
              24.502499999674544
            ]
          ],
          [
            [
              93.80595259196642,
              24.501953412692554
            ],
            [
              93.80624867551808,
              24.501951831800074
            ],
            [
              93.80624694750928,
              24.501680907970336
            ],
            [
              93.80595086459205,
              24.501682488843077
            ],
            [
              93.80595259196642,
              24.501953412692554
            ]
          ]
        ]
      },
      "properties": {
        "region": 194,
        "area_ha": 27.18,
        "longitude": 93.80518207944091,
        "latitude": 24.50289502424184,
        "mean_index_change": 0.17922282218933105,
        "mean_model_score": null,
        "status": "Needs review",
        "note": ""
      }
    },
    {
      "type": "Feature",
      "geometry": {
        "type": "Polygon",
        "coordinates": [
          [
            [
              93.79735419568274,
              24.500102534904737
            ],
            [
              93.79735248688203,
              24.499831610417328
            ],
            [
              93.79764856608921,
              24.4998300465166
            ],
            [
              93.79765027552429,
              24.500100970984487
            ],
            [
              93.79735419568274,
              24.500102534904737
            ]
          ]
        ]
      },
      "properties": {
        "region": 207,
        "area_ha": 0.09,
        "longitude": 93.79750138104457,
        "latitude": 24.499966290779575,
        "mean_index_change": 0.12906745076179504,
        "mean_model_score": null,
        "status": "Needs review",
        "note": ""
      }
    },
    {
      "type": "Feature",
      "geometry": {
        "type": "Polygon",
        "coordinates": [
          [
            [
              93.79320567546044,
              24.499582519307044
            ],
            [
              93.79320397559066,
              24.499311594527434
            ],
            [
              93.79290789727735,
              24.49931314968208
            ],
            [
              93.79290619806683,
              24.499042224873232
            ],
            [
              93.79261012036295,
              24.49904377942801
            ],
            [
              93.79260842181166,
              24.49877285458992
            ],
            [
              93.7923123447172,
              24.498774408544833
            ],
            [
              93.79230894895798,
              24.498232558800364
            ],
            [
              93.79290110058473,
              24.498229450387683
            ],
            [
              93.79290279972052,
              24.498500375226033
            ],
            [
              93.79349495251624,
              24.498497264452762
            ],
            [
              93.79349325211183,
              24.49822633965325
            ],
            [
              93.79467755486678,
              24.498220111219073
            ],
            [
              93.79467925780841,
              24.49849103594084
            ],
            [
              93.79497533406908,
              24.49848947736174
            ],
            [
              93.79497703767,
              24.49876040205421
            ],
            [
              93.7940888069102,
              24.498765076108516
            ],
            [
              93.79409050863312,
              24.499036000849504
            ],
            [
              93.79379443102894,
              24.499037557726126
            ],
            [
              93.79379613214249,
              24.499308482476717
            ],
            [
              93.79350005387903,
              24.49931003879231
            ],
            [
              93.79350175438316,
              24.499580963552507
            ],
            [
              93.79320567546044,
              24.499582519307044
            ]
          ]
        ]
      },
      "properties": {
        "region": 208,
        "area_ha": 2.16,
        "longitude": 93.79352104261399,
        "latitude": 24.498722905444218,
        "mean_index_change": 0.1706143170595169,
        "mean_model_score": null,
        "status": "Needs review",
        "note": ""
      }
    },
    {
      "type": "Feature",
      "geometry": {
        "type": "Polygon",
        "coordinates": [
          [
            [
              93.8062262133798,
              24.498429821246315
            ],
            [
              93.80622448570034,
              24.49815889728872
            ],
            [
              93.80652056034566,
              24.498157316092062
            ],
            [
              93.80652228865941,
              24.498428240029916
            ],
            [
              93.8062262133798,
              24.498429821246315
            ]
          ]
        ]
      },
      "properties": {
        "region": 209,
        "area_ha": 0.09,
        "longitude": 93.80637338702131,
        "latitude": 24.49829356873804,
        "mean_index_change": 0.26299822330474854,
        "mean_model_score": null,
        "status": "Needs review",
        "note": ""
      }
    },
    {
      "type": "Feature",
      "geometry": {
        "type": "Polygon",
        "coordinates": [
          [
            [
              93.80207428176392,
              24.497368200337927
            ],
            [
              93.80207256306547,
              24.497097276065418
            ],
            [
              93.80236863552744,
              24.497095703073388
            ],
            [
              93.80237035486017,
              24.497366627326247
            ],
            [
              93.80207428176392,
              24.497368200337927
            ]
          ]
        ]
      },
      "properties": {
        "region": 210,
        "area_ha": 0.09,
        "longitude": 93.80222145880425,
        "latitude": 24.497231951774523,
        "mean_index_change": 0.25321462750434875,
        "mean_model_score": null,
        "status": "Needs review",
        "note": ""
      }
    },
    {
      "type": "Feature",
      "geometry": {
        "type": "Polygon",
        "coordinates": [
          [
            [
              93.80621930281394,
              24.497346125356955
            ],
            [
              93.80621757523582,
              24.497075201360033
            ],
            [
              93.80680971942688,
              24.49707203854422
            ],
            [
              93.80681144827354,
              24.497342962501662
            ],
            [
              93.80621930281394,
              24.497346125356955
            ]
          ]
        ]
      },
      "properties": {
        "region": 211,
        "area_ha": 0.18,
        "longitude": 93.80651451144705,
        "latitude": 24.49720908223215,
        "mean_index_change": 0.1590675711631775,
        "mean_model_score": null,
        "status": "Needs review",
        "note": ""
      }
    },
    {
      "type": "Feature",
      "geometry": {
        "type": "Polygon",
        "coordinates": [
          [
            [
              93.80177649057829,
              24.49709884847705
            ],
            [
              93.80177305452547,
              24.496556999863284
            ],
            [
              93.80236519693763,
              24.496553854538153
            ],
            [
              93.80236691621994,
              24.496824778810694
            ],
            [
              93.80207084439222,
              24.496826351783085
            ],
            [
              93.80207256306547,
              24.497097276065418
            ],
            [
              93.80177649057829,
              24.49709884847705
            ]
          ]
        ]
      },
      "properties": {
        "region": 212,
        "area_ha": 0.27,
        "longitude": 93.80202121265967,
        "latitude": 24.496781459840168,
        "mean_index_change": 0.20817311108112335,
        "mean_model_score": null,
        "status": "Needs review",
        "note": ""
      }
    },
    {
      "type": "Feature",
      "geometry": {
        "type": "Polygon",
        "coordinates": [
          [
            [
              93.80236519693763,
              24.496553854538153
            ],
            [
              93.80236347768054,
              24.496282930255795
            ],
            [
              93.80265954821459,
              24.496281356742283
            ],
            [
              93.80265610850759,
              24.495739508187352
            ],
            [
              93.80295217774797,
              24.495737934132766
            ],
            [
              93.80294873687342,
              24.495196085577803
            ],
            [
              93.80354087274166,
              24.495192935806163
            ],
            [
              93.80354259443472,
              24.495463860049234
            ],
            [
              93.80383866296519,
              24.49546228427321
            ],
            [
              93.80384383009847,
              24.496275056884407
            ],
            [
              93.803251689207,
              24.496278207974115
            ],
            [
              93.80325341036679,
              24.496549132197522
            ],
            [
              93.80236519693763,
              24.496553854538153
            ]
          ]
        ]
      },
      "properties": {
        "region": 213,
        "area_ha": 1.44,
        "longitude": 93.80319391716539,
        "latitude": 24.495922915206766,
        "mean_index_change": 0.1923360824584961,
        "mean_model_score": null,
        "status": "Needs review",
        "note": ""
      }
    },
    {
      "type": "Feature",
      "geometry": {
        "type": "Polygon",
        "coordinates": [
          [
            [
              93.79227160217818,
              24.492272209016292
            ],
            [
              93.79226990488351,
              24.492001283913083
            ],
            [
              93.7925659661228,
              24.49199973044311
            ],
            [
              93.79256766405155,
              24.492270655526923
            ],
            [
              93.79227160217818,
              24.492272209016292
            ]
          ]
        ]
      },
      "properties": {
        "region": 214,
        "area_ha": 0.09,
        "longitude": 93.792418784309,
        "latitude": 24.492135969798614,
        "mean_index_change": 0.12680505216121674,
        "mean_model_score": null,
        "status": "Needs review",
        "note": ""
      }
    },
    {
      "type": "Feature",
      "geometry": {
        "type": "Polygon",
        "coordinates": [
          [
            [
              93.79342865521664,
              24.487931189988448
            ],
            [
              93.7934269557844,
              24.487660264805623
            ],
            [
              93.79372300677977,
              24.48765870932534
            ],
            [
              93.79372470684596,
              24.487929634488747
            ],
            [
              93.79342865521664,
              24.487931189988448
            ]
          ]
        ]
      },
      "properties": {
        "region": 215,
        "area_ha": 0.09,
        "longitude": 93.79357583115669,
        "latitude": 24.48779494972579,
        "mean_index_change": 0.13783404231071472,
        "mean_model_score": null,
        "status": "Needs review",
        "note": ""
      }
    },
    {
      "type": "Feature",
      "geometry": {
        "type": "Polygon",
        "coordinates": [
          [
            [
              93.7931309047641,
              24.487661819705743
            ],
            [
              93.79312920599071,
              24.487390894493668
            ],
            [
              93.79342525637706,
              24.487389339612967
            ],
            [
              93.7934269557844,
              24.487660264805623
            ],
            [
              93.7931309047641,
              24.487661819705743
            ]
          ]
        ]
      },
      "properties": {
        "region": 216,
        "area_ha": 0.09,
        "longitude": 93.79327808072905,
        "latitude": 24.487525579728246,
        "mean_index_change": 0.12884104251861572,
        "mean_model_score": null,
        "status": "Needs review",
        "note": ""
      }
    },
    {
      "type": "Feature",
      "geometry": {
        "type": "Polygon",
        "coordinates": [
          [
            [
              93.80140144350688,
              24.484637891340448
            ],
            [
              93.80139972726023,
              24.484366966566682
            ],
            [
              93.80169576997264,
              24.484365395657637
            ],
            [
              93.80169748685312,
              24.484636320411788
            ],
            [
              93.80140144350688,
              24.484637891340448
            ]
          ]
        ]
      },
      "properties": {
        "region": 218,
        "area_ha": 0.09,
        "longitude": 93.80154860689821,
        "latitude": 24.484501643567878,
        "mean_index_change": 0.10311919450759888,
        "mean_model_score": null,
        "status": "Needs review",
        "note": ""
      }
    },
    {
      "type": "Feature",
      "geometry": {
        "type": "Polygon",
        "coordinates": [
          [
            [
              93.7934082636745,
              24.484680087145982
            ],
            [
              93.7934065645413,
              24.484409161845242
            ],
            [
              93.79311052112764,
              24.484410716512357
            ],
            [
              93.79310882265318,
              24.484139791182372
            ],
            [
              93.79370090818794,
              24.484136681306907
            ],
            [
              93.79370430769707,
              24.48467853187937
            ],
            [
              93.7934082636745,
              24.484680087145982
            ]
          ]
        ]
      },
      "properties": {
        "region": 217,
        "area_ha": 0.27,
        "longitude": 93.79345562190377,
        "latitude": 24.48436374846045,
        "mean_index_change": 0.19887594878673553,
        "mean_model_score": null,
        "status": "Needs review",
        "note": ""
      }
    },
    {
      "type": "Feature",
      "geometry": {
        "type": "Polygon",
        "coordinates": [
          [
            [
              93.79694884364939,
              24.48276490998484
            ],
            [
              93.79694713708541,
              24.482493984848865
            ],
            [
              93.79753921436522,
              24.482490860125928
            ],
            [
              93.79754092219673,
              24.48276178522287
            ],
            [
              93.79694884364939,
              24.48276490998484
            ]
          ]
        ]
      },
      "properties": {
        "region": 219,
        "area_ha": 0.18,
        "longitude": 93.79724402933358,
        "latitude": 24.482627885336864,
        "mean_index_change": 0.13416877388954163,
        "mean_model_score": null,
        "status": "Needs review",
        "note": ""
      }
    },
    {
      "type": "Feature",
      "geometry": {
        "type": "Polygon",
        "coordinates": [
          [
            [
              93.79867206929045,
              24.47435684858656
            ],
            [
              93.7986703597014,
              24.474085923263154
            ],
            [
              93.79896637856133,
              24.474084358317693
            ],
            [
              93.79896808878385,
              24.47435528362154
            ],
            [
              93.79867206929045,
              24.47435684858656
            ]
          ]
        ]
      },
      "properties": {
        "region": 221,
        "area_ha": 0.09,
        "longitude": 93.79881922408426,
        "latitude": 24.47422060352094,
        "mean_index_change": 0.26899516582489014,
        "mean_model_score": null,
        "status": "Needs review",
        "note": ""
      }
    },
    {
      "type": "Feature",
      "geometry": {
        "type": "Polygon",
        "coordinates": [
          [
            [
              93.8099207923255,
              24.474296972318474
            ],
            [
              93.80991905866449,
              24.47402604774309
            ],
            [
              93.81021507656459,
              24.474024460765648
            ],
            [
              93.81021681085906,
              24.4742953853212
            ],
            [
              93.8099207923255,
              24.474296972318474
            ]
          ]
        ]
      },
      "properties": {
        "region": 224,
        "area_ha": 0.09,
        "longitude": 93.81006793460341,
        "latitude": 24.474160716610804,
        "mean_index_change": 0.1117047369480133,
        "mean_model_score": null,
        "status": "Needs review",
        "note": ""
      }
    },
    {
      "type": "Feature",
      "geometry": {
        "type": "Polygon",
        "coordinates": [
          [
            [
              93.80400557945228,
              24.475141365359303
            ],
            [
              93.80400213734285,
              24.474599515467673
            ],
            [
              93.80429815701676,
              24.474597940046618
            ],
            [
              93.80429299214154,
              24.473785165194524
            ],
            [
              93.80458900988978,
              24.473783589252726
            ],
            [
              93.80459762130882,
              24.47513821385864
            ],
            [
              93.80400557945228,
              24.475141365359303
            ]
          ]
        ]
      },
      "properties": {
        "region": 220,
        "area_ha": 0.63,
        "longitude": 93.80436146681518,
        "latitude": 24.474578250600093,
        "mean_index_change": 0.13783685863018036,
        "mean_model_score": null,
        "status": "Needs review",
        "note": ""
      }
    },
    {
      "type": "Feature",
      "geometry": {
        "type": "Polygon",
        "coordinates": [
          [
            [
              93.8025203207454,
              24.474336458817064
            ],
            [
              93.80251688512215,
              24.47379460866989
            ],
            [
              93.80310892089616,
              24.4737914631639
            ],
            [
              93.80311235905332,
              24.47433331323248
            ],
            [
              93.8025203207454,
              24.474336458817064
            ]
          ]
        ]
      },
      "properties": {
        "region": 223,
        "area_ha": 0.36,
        "longitude": 93.80281462145425,
        "latitude": 24.47406396126564,
        "mean_index_change": 0.20321711897850037,
        "mean_model_score": null,
        "status": "Needs review",
        "note": ""
      }
    },
    {
      "type": "Feature",
      "geometry": {
        "type": "Polygon",
        "coordinates": [
          [
            [
              93.79956012769543,
              24.47435215195212
            ],
            [
              93.79955841620595,
              24.47408122668739
            ],
            [
              93.79926239739619,
              24.47408279279244
            ],
            [
              93.79926068656529,
              24.47381186749833
            ],
            [
              93.79955670474158,
              24.473810301412847
            ],
            [
              93.79955499330231,
              24.473539376128464
            ],
            [
              93.79985101082005,
              24.473537809482778
            ],
            [
              93.79985614711354,
              24.47435058524771
            ],
            [
              93.79956012769543,
              24.47435215195212
            ]
          ]
        ]
      },
      "properties": {
        "region": 222,
        "area_ha": 0.36,
        "longitude": 93.79963156508997,
        "latitude": 24.473945372436937,
        "mean_index_change": 0.1322401762008667,
        "mean_model_score": null,
        "status": "Needs review",
        "note": ""
      }
    },
    {
      "type": "Feature",
      "geometry": {
        "type": "Polygon",
        "coordinates": [
          [
            [
              93.8048867504795,
              24.47405293765228
            ],
            [
              93.80488502761274,
              24.473782012731142
            ],
            [
              93.80518104531045,
              24.47378043562978
            ],
            [
              93.80517932183552,
              24.473509510718515
            ],
            [
              93.80547533887449,
              24.47350793305708
            ],
            [
              93.80547706298286,
              24.473778857948638
            ],
            [
              93.80577308062998,
              24.473777279687713
            ],
            [
              93.80577480539712,
              24.474048204549725
            ],
            [
              93.8048867504795,
              24.47405293765228
            ]
          ]
        ]
      },
      "properties": {
        "region": 225,
        "area_ha": 0.36,
        "longitude": 93.80532948510168,
        "latitude": 24.47384737808549,
        "mean_index_change": 0.1518162190914154,
        "mean_model_score": null,
        "status": "Needs review",
        "note": ""
      }
    },
    {
      "type": "Feature",
      "geometry": {
        "type": "Polygon",
        "coordinates": [
          [
            [
              93.80695542368974,
              24.473500036053313
            ],
            [
              93.80695369643944,
              24.473229111250586
            ],
            [
              93.80724971269306,
              24.473227530130266
            ],
            [
              93.8072514405768,
              24.473498454913234
            ],
            [
              93.80695542368974,
              24.473500036053313
            ]
          ]
        ]
      },
      "properties": {
        "region": 226,
        "area_ha": 0.09,
        "longitude": 93.80710256834976,
        "latitude": 24.47336378316055,
        "mean_index_change": 0.10762272030115128,
        "mean_model_score": null,
        "status": "Needs review",
        "note": ""
      }
    },
    {
      "type": "Feature",
      "geometry": {
        "type": "Polygon",
        "coordinates": [
          [
            [
              93.8087315246318,
              24.473490540516284
            ],
            [
              93.80872979358084,
              24.47321961583219
            ],
            [
              93.80902580968225,
              24.473218031233284
            ],
            [
              93.80902754136665,
              24.473488955897587
            ],
            [
              93.8087315246318,
              24.473490540516284
            ]
          ]
        ]
      },
      "properties": {
        "region": 227,
        "area_ha": 0.09,
        "longitude": 93.8088786673154,
        "latitude": 24.473354285943536,
        "mean_index_change": 0.12617862224578857,
        "mean_model_score": null,
        "status": "Needs review",
        "note": ""
      }
    },
    {
      "type": "Feature",
      "geometry": {
        "type": "Polygon",
        "coordinates": [
          [
            [
              93.802510014178,
              24.47271090825763
            ],
            [
              93.80250829650495,
              24.47243998313
            ],
            [
              93.80280431123738,
              24.47243841076512
            ],
            [
              93.80280602954385,
              24.472709335873102
            ],
            [
              93.802510014178,
              24.47271090825763
            ]
          ]
        ]
      },
      "properties": {
        "region": 228,
        "area_ha": 0.09,
        "longitude": 93.80265716286604,
        "latitude": 24.472574659580157,
        "mean_index_change": 0.12871861457824707,
        "mean_model_score": null,
        "status": "Needs review",
        "note": ""
      }
    },
    {
      "type": "Feature",
      "geometry": {
        "type": "Polygon",
        "coordinates": [
          [
            [
              93.79954643648256,
              24.472184749559236
            ],
            [
              93.79954472519391,
              24.47191382421591
            ],
            [
              93.7998407389111,
              24.47191225768765
            ],
            [
              93.79984245083314,
              24.4721831830114
            ],
            [
              93.79954643648256,
              24.472184749559236
            ]
          ]
        ]
      },
      "properties": {
        "region": 229,
        "area_ha": 0.09,
        "longitude": 93.79969358785517,
        "latitude": 24.47204850369224,
        "mean_index_change": 0.1072475016117096,
        "mean_model_score": null,
        "status": "Needs review",
        "note": ""
      }
    },
    {
      "type": "Feature",
      "geometry": {
        "type": "Polygon",
        "coordinates": [
          [
            [
              93.80102136469274,
              24.47136413525701
            ],
            [
              93.80101622162759,
              24.470551359402947
            ],
            [
              93.80131223205225,
              24.470549790074056
            ],
            [
              93.80131737701748,
              24.471362565869292
            ],
            [
              93.80102136469274,
              24.47136413525701
            ]
          ]
        ]
      },
      "properties": {
        "region": 230,
        "area_ha": 0.27,
        "longitude": 93.80116679882236,
        "latitude": 24.470956962734345,
        "mean_index_change": 0.23569758236408234,
        "mean_model_score": null,
        "status": "Needs review",
        "note": ""
      }
    }
  ]
}