{
  "type": "FeatureCollection",
  "features": [
    {
      "type": "Feature",
      "geometry": {
        "type": "Polygon",
        "coordinates": [
          [
            [
              -64.55408340335363,
              -9.6203908252463
            ],
            [
              -64.55408712128727,
              -9.621204553778961
            ],
            [
              -64.55354047740535,
              -9.621207013224069
            ],
            [
              -64.55353923849306,
              -9.620935770313652
            ],
            [
              -64.55381256023456,
              -9.620934540734451
            ],
            [
              -64.55381008208421,
              -9.620392054970985
            ],
            [
              -64.55408340335363,
              -9.6203908252463
            ]
          ]
        ]
      },
      "properties": {
        "region": 1,
        "area_ha": 0.36,
        "longitude": -64.5538805808738,
        "latitude": -9.620866422588625,
        "mean_index_change": -0.22252021729946136,
        "mean_model_score": 0.8994419574737549,
        "status": "Needs review",
        "note": ""
      }
    },
    {
      "type": "Feature",
      "geometry": {
        "type": "Polygon",
        "coordinates": [
          [
            [
              -64.57540611802027,
              -9.621107961182348
            ],
            [
              -64.57540737438953,
              -9.62137920124474
            ],
            [
              -64.57568069361972,
              -9.62137795430645
            ],
            [
              -64.57568446360332,
              -9.622191674359756
            ],
            [
              -64.57650442303112,
              -9.622187931926003
            ],
            [
              -64.57650316567953,
              -9.621916692020076
            ],
            [
              -64.5767764851968,
              -9.621915444145742
            ],
            [
              -64.57678277341488,
              -9.623271643452144
            ],
            [
              -64.57541617001287,
              -9.623277881557915
            ],
            [
              -64.57541491338398,
              -9.623006641526414
            ],
            [
              -64.57514159281008,
              -9.623007888463345
            ],
            [
              -64.57514033643605,
              -9.622736648391644
            ],
            [
              -64.57459369561259,
              -9.62273914154553
            ],
            [
              -64.57459495155102,
              -9.623010381688797
            ],
            [
              -64.57377498938442,
              -9.623014119905934
            ],
            [
              -64.57377247885132,
              -9.622471639400397
            ],
            [
              -64.57404579917502,
              -9.622470393615675
            ],
            [
              -64.57404328835459,
              -9.621927913164004
            ],
            [
              -64.57431660820568,
              -9.621926667234685
            ],
            [
              -64.57431535263329,
              -9.621655427037998
            ],
            [
              -64.57486199178872,
              -9.621652934602572
            ],
            [
              -64.57486073581791,
              -9.621381694473017
            ],
            [
              -64.57513405512226,
              -9.62138044796693
            ],
            [
              -64.57513279897073,
              -9.621109207868747
            ],
            [
              -64.57540611802027,
              -9.621107961182348
            ]
          ],
          [
            [
              -64.57623236042991,
              -9.62246041955737
            ],
            [
              -64.57595904040286,
              -9.622461667071098
            ],
            [
              -64.57596029739312,
              -9.622732907039824
            ],
            [
              -64.57623361763797,
              -9.622731659490288
            ],
            [
              -64.57623236042991,
              -9.62246041955737
            ]
          ]
        ]
      },
      "properties": {
        "region": 2,
        "area_ha": 4.5,
        "longitude": -64.5753355690495,
        "latitude": -9.622399412981528,
        "mean_index_change": -0.296385258436203,
        "mean_model_score": 0.9377002120018005,
        "status": "Needs review",
        "note": ""
      }
    },
    {
      "type": "Feature",
      "geometry": {
        "type": "Polygon",
        "coordinates": [
          [
            [
              -64.57732564016695,
              -9.622455427341215
            ],
            [
              -64.57732689824611,
              -9.622726667130834
            ],
            [
              -64.57760021830532,
              -9.622725418500643
            ],
            [
              -64.57760147663942,
              -9.62299665825001
            ],
            [
              -64.57814811708201,
              -9.622994160269537
            ],
            [
              -64.57814685831234,
              -9.62272292059187
            ],
            [
              -64.57896681804417,
              -9.622719172107736
            ],
            [
              -64.57897059642478,
              -9.623532890804706
            ],
            [
              -64.57815063473281,
              -9.623536639611624
            ],
            [
              -64.57814937588883,
              -9.623265399942786
            ],
            [
              -64.57705609398393,
              -9.623270395182558
            ],
            [
              -64.57705232028837,
              -9.622456675719441
            ],
            [
              -64.57732564016695,
              -9.622455427341215
            ]
          ]
        ]
      },
      "properties": {
        "region": 3,
        "area_ha": 1.44,
        "longitude": -64.57808010171942,
        "latitude": -9.623062282485344,
        "mean_index_change": -0.15001769363880157,
        "mean_model_score": 0.8800139427185059,
        "status": "Needs review",
        "note": ""
      }
    },
    {
      "type": "Feature",
      "geometry": {
        "type": "Polygon",
        "coordinates": [
          [
            [
              -64.52268766176842,
              -9.628668231232439
            ],
            [
              -64.52269009242222,
              -9.629210724700167
            ],
            [
              -64.52214342757537,
              -9.629213136445467
            ],
            [
              -64.52214099779339,
              -9.628670642839374
            ],
            [
              -64.52268766176842,
              -9.628668231232439
            ]
          ]
        ]
      },
      "properties": {
        "region": 5,
        "area_ha": 0.36,
        "longitude": -64.52241554488984,
        "latitude": -9.628940683914712,
        "mean_index_change": -0.04339468479156494,
        "mean_model_score": 0.6652605533599854,
        "status": "Needs review",
        "note": ""
      }
    },
    {
      "type": "Feature",
      "geometry": {
        "type": "Polygon",
        "coordinates": [
          [
            [
              -64.6000276529701,
              -9.625877136526547
            ],
            [
              -64.60004297518611,
              -9.6291319770707
            ],
            [
              -64.59976965296546,
              -9.629133244295511
            ],
            [
              -64.59977220675967,
              -9.629675717730347
            ],
            [
              -64.59949888406548,
              -9.629676984811576
            ],
            [
              -64.59949377749945,
              -9.628592037778848
            ],
            [
              -64.59976709932192,
              -9.628590770842992
            ],
            [
              -64.59976582255665,
              -9.6283195341101
            ],
            [
              -64.59949250095208,
              -9.628320801009613
            ],
            [
              -64.59948356617497,
              -9.626422143501193
            ],
            [
              -64.59975688625435,
              -9.626420876856088
            ],
            [
              -64.5997543333641,
              -9.62587840331516
            ],
            [
              -64.6000276529701,
              -9.625877136526547
            ]
          ]
        ]
      },
      "properties": {
        "region": 4,
        "area_ha": 2.07,
        "longitude": -64.59976907213432,
        "latitude": -9.627747550834231,
        "mean_index_change": -0.30166271328926086,
        "mean_model_score": 0.8369399905204773,
        "status": "Needs review",
        "note": ""
      }
    },
    {
      "type": "Feature",
      "geometry": {
        "type": "Polygon",
        "coordinates": [
          [
            [
              -64.57134142925462,
              -9.628721373880861
            ],
            [
              -64.57134268339348,
              -9.628992614355873
            ],
            [
              -64.57106935747099,
              -9.62899385883608
            ],
            [
              -64.57107061142891,
              -9.629265099342378
            ],
            [
              -64.57134393756934,
              -9.62926385482647
            ],
            [
              -64.57134644603204,
              -9.629806335754418
            ],
            [
              -64.57079979284241,
              -9.629808824712736
            ],
            [
              -64.57079477780852,
              -9.628723862553608
            ],
            [
              -64.57134142925462,
              -9.628721373880861
            ]
          ]
        ]
      },
      "properties": {
        "region": 6,
        "area_ha": 0.63,
        "longitude": -64.57105117770048,
        "latitude": -9.629284562549993,
        "mean_index_change": -0.011103128083050251,
        "mean_model_score": 0.6156389117240906,
        "status": "Needs review",
        "note": ""
      }
    },
    {
      "type": "Feature",
      "geometry": {
        "type": "Polygon",
        "coordinates": [
          [
            [
              -64.5677944491098,
              -9.630093739439278
            ],
            [
              -64.5677957006001,
              -9.630364980355814
            ],
            [
              -64.56724904557795,
              -9.630367463832894
            ],
            [
              -64.56725029666923,
              -9.630638704816247
            ],
            [
              -64.56697696888482,
              -9.630639946265928
            ],
            [
              -64.56697571801152,
              -9.63036870524697
            ],
            [
              -64.5667023904082,
              -9.630369946444734
            ],
            [
              -64.56670113978974,
              -9.630098705385759
            ],
            [
              -64.5677944491098,
              -9.630093739439278
            ]
          ]
        ]
      },
      "properties": {
        "region": 7,
        "area_ha": 0.45,
        "longitude": -64.56722133750931,
        "latitude": -9.630286215687098,
        "mean_index_change": -0.029427265748381615,
        "mean_model_score": 0.6976277828216553,
        "status": "Needs review",
        "note": ""
      }
    },
    {
      "type": "Feature",
      "geometry": {
        "type": "Polygon",
        "coordinates": [
          [
            [
              -64.56478784705969,
              -9.63010738746441
            ],
            [
              -64.56478909615238,
              -9.630378628772407
            ],
            [
              -64.56287580009123,
              -9.630387300500855
            ],
            [
              -64.56287704769494,
              -9.630658542053164
            ],
            [
              -64.56096374830489,
              -9.63066720343075
            ],
            [
              -64.56096499441952,
              -9.63093844522706
            ],
            [
              -64.56069166557018,
              -9.630939681736903
            ],
            [
              -64.56068792799046,
              -9.630125956228346
            ],
            [
              -64.56478784705969,
              -9.63010738746441
            ]
          ]
        ]
      },
      "properties": {
        "region": 8,
        "area_ha": 2.16,
        "longitude": -64.56234042848818,
        "latitude": -9.630367121154018,
        "mean_index_change": -0.20944292843341827,
        "mean_model_score": 0.9334861636161804,
        "status": "Needs review",
        "note": ""
      }
    },
    {
      "type": "Feature",
      "geometry": {
        "type": "Polygon",
        "coordinates": [
          [
            [
              -64.5407348708891,
              -9.63021562942722
            ],
            [
              -64.54073856073104,
              -9.63102936265198
            ],
            [
              -64.54046522917979,
              -9.631030583153379
            ],
            [
              -64.54046399941417,
              -9.630759338714531
            ],
            [
              -64.54019066804464,
              -9.630760558964596
            ],
            [
              -64.54018943853329,
              -9.630489314486342
            ],
            [
              -64.54046276968485,
              -9.630488094271275
            ],
            [
              -64.54046153999178,
              -9.630216849823608
            ],
            [
              -64.5407348708891,
              -9.63021562942722
            ]
          ]
        ]
      },
      "properties": {
        "region": 9,
        "area_ha": 0.36,
        "longitude": -64.54053171735444,
        "latitude": -9.630623411401508,
        "mean_index_change": -0.10213916003704071,
        "mean_model_score": 0.6168851852416992,
        "status": "Needs review",
        "note": ""
      }
    },
    {
      "type": "Feature",
      "geometry": {
        "type": "Polygon",
        "coordinates": [
          [
            [
              -64.54021526588734,
              -9.636185447603475
            ],
            [
              -64.54021649616028,
              -9.636456691989096
            ],
            [
              -64.53912315200274,
              -9.636461573764645
            ],
            [
              -64.53912192260229,
              -9.636190329239087
            ],
            [
              -64.54021526588734,
              -9.636185447603475
            ]
          ]
        ]
      },
      "properties": {
        "region": 10,
        "area_ha": 0.36,
        "longitude": -64.53966920923115,
        "latitude": -9.63632351108254,
        "mean_index_change": -0.13964292407035828,
        "mean_model_score": 0.6746811866760254,
        "status": "Needs review",
        "note": ""
      }
    },
    {
      "type": "Feature",
      "geometry": {
        "type": "Polygon",
        "coordinates": [
          [
            [
              -64.5727469865254,
              -9.637123595549674
            ],
            [
              -64.57274824290188,
              -9.637394835709163
            ],
            [
              -64.5722015778719,
              -9.637397328831174
            ],
            [
              -64.57220283384913,
              -9.637668569057697
            ],
            [
              -64.57192950106047,
              -9.63766981532972
            ],
            [
              -64.57193201268973,
              -9.638212295840946
            ],
            [
              -64.57138534612876,
              -9.638214787878404
            ],
            [
              -64.5713828353721,
              -9.637672307224337
            ],
            [
              -64.5716561682348,
              -9.637671061385264
            ],
            [
              -64.57165365718986,
              -9.637128580784934
            ],
            [
              -64.5727469865254,
              -9.637123595549674
            ]
          ]
        ]
      },
      "properties": {
        "region": 11,
        "area_ha": 0.9,
        "longitude": -64.57192912432885,
        "latitude": -9.637588443251506,
        "mean_index_change": -0.16245439648628235,
        "mean_model_score": 0.8288494348526001,
        "status": "Needs review",
        "note": ""
      }
    },
    {
      "type": "Feature",
      "geometry": {
        "type": "Polygon",
        "coordinates": [
          [
            [
              -64.56291199553941,
              -9.638253303725065
            ],
            [
              -64.56291324421032,
              -9.638524545149306
            ],
            [
              -64.56345991349592,
              -9.638522066463148
            ],
            [
              -64.56346366103853,
              -9.63933579049626
            ],
            [
              -64.56319032575962,
              -9.639337030054149
            ],
            [
              -64.56318907676011,
              -9.639065788678673
            ],
            [
              -64.56291574166256,
              -9.639067027984533
            ],
            [
              -64.56291449291804,
              -9.638795786569128
            ],
            [
              -64.5623678230489,
              -9.6387982644603
            ],
            [
              -64.56236657477751,
              -9.638527022969464
            ],
            [
              -64.56263990951231,
              -9.638525784167634
            ],
            [
              -64.56263866105955,
              -9.638254542707887
            ],
            [
              -64.56291199553941,
              -9.638253303725065
            ]
          ]
        ]
      },
      "properties": {
        "region": 13,
        "area_ha": 0.72,
        "longitude": -64.56301683740142,
        "latitude": -9.63876141669255,
        "mean_index_change": -0.33980345726013184,
        "mean_model_score": 0.8053716421127319,
        "status": "Needs review",
        "note": ""
      }
    },
    {
      "type": "Feature",
      "geometry": {
        "type": "Polygon",
        "coordinates": [
          [
            [
              -64.5659161703566,
              -9.637697178545867
            ],
            [
              -64.56592367689129,
              -9.63932462473205
            ],
            [
              -64.56483033688075,
              -9.639329589459072
            ],
            [
              -64.56483158722618,
              -9.63960083061691
            ],
            [
              -64.56428491656342,
              -9.63960331175243
            ],
            [
              -64.56428366665436,
              -9.639332070523496
            ],
            [
              -64.56373699628062,
              -9.639334550721854
            ],
            [
              -64.56373449744572,
              -9.638792068108586
            ],
            [
              -64.56400783221464,
              -9.638790828188734
            ],
            [
              -64.5640053330907,
              -9.638248345628863
            ],
            [
              -64.56455200164541,
              -9.638245865281812
            ],
            [
              -64.56455325162528,
              -9.63851710649287
            ],
            [
              -64.56509992046895,
              -9.638514625208748
            ],
            [
              -64.56509867005275,
              -9.638243384068803
            ],
            [
              -64.56537200420114,
              -9.638242143137557
            ],
            [
              -64.565369503043,
              -9.637699660915528
            ],
            [
              -64.5659161703566,
              -9.637697178545867
            ]
          ]
        ]
      },
      "properties": {
        "region": 12,
        "area_ha": 3.06,
        "longitude": -64.56496443006516,
        "latitude": -9.63877053140245,
        "mean_index_change": -0.10355977714061737,
        "mean_model_score": 0.8630250096321106,
        "status": "Needs review",
        "note": ""
      }
    },
    {
      "type": "Feature",
      "geometry": {
        "type": "Polygon",
        "coordinates": [
          [
            [
              -64.54241304018481,
              -9.638616870732708
            ],
            [
              -64.54241673732811,
              -9.639430602916676
            ],
            [
              -64.54159672293589,
              -9.639434270924266
            ],
            [
              -64.54159795473505,
              -9.63970551508187
            ],
            [
              -64.5413246163135,
              -9.639706737353036
            ],
            [
              -64.54132584793074,
              -9.63997798154125
            ],
            [
              -64.53968581533027,
              -9.639985310831056
            ],
            [
              -64.53968458502224,
              -9.639714066432823
            ],
            [
              -64.54077793936153,
              -9.63970918124577
            ],
            [
              -64.54077670821698,
              -9.639437936983109
            ],
            [
              -64.54132338473255,
              -9.639435493160407
            ],
            [
              -64.54132215318789,
              -9.639164248963363
            ],
            [
              -64.54159549117306,
              -9.639163026762246
            ],
            [
              -64.54159302775626,
              -9.638620538424968
            ],
            [
              -64.54241304018481,
              -9.638616870732708
            ]
          ]
        ]
      },
      "properties": {
        "region": 14,
        "area_ha": 1.71,
        "longitude": -64.54137350963596,
        "latitude": -9.639385301993133,
        "mean_index_change": -0.15713350474834442,
        "mean_model_score": 0.7493038177490234,
        "status": "Needs review",
        "note": ""
      }
    },
    {
      "type": "Feature",
      "geometry": {
        "type": "Polygon",
        "coordinates": [
          [
            [
              -64.53421535285312,
              -9.639195950193061
            ],
            [
              -64.53421657872475,
              -9.639467195298566
            ],
            [
              -64.53476325697848,
              -9.639464761869267
            ],
            [
              -64.53476570970295,
              -9.640007251927573
            ],
            [
              -64.53449237015775,
              -9.640008468820223
            ],
            [
              -64.53449114399565,
              -9.639737223758413
            ],
            [
              -64.53394446523326,
              -9.63973965682437
            ],
            [
              -64.5339432395437,
              -9.63946841168842
            ],
            [
              -64.53366990032652,
              -9.63946962786174
            ],
            [
              -64.53366867489127,
              -9.639198382686528
            ],
            [
              -64.53421535285312,
              -9.639195950193061
            ]
          ]
        ]
      },
      "properties": {
        "region": 15,
        "area_ha": 0.54,
        "longitude": -64.53426254389545,
        "latitude": -9.63955740757812,
        "mean_index_change": -0.17919735610485077,
        "mean_model_score": 0.7545803189277649,
        "status": "Needs review",
        "note": ""
      }
    },
    {
      "type": "Feature",
      "geometry": {
        "type": "Polygon",
        "coordinates": [
          [
            [
              -64.53941124634677,
              -9.639715287188254
            ],
            [
              -64.5394124764366,
              -9.639986531621467
            ],
            [
              -64.53968581533027,
              -9.639985310831056
            ],
            [
              -64.53968704567455,
              -9.640256555224873
            ],
            [
              -64.53859368900949,
              -9.640261437227156
            ],
            [
              -64.53859123010287,
              -9.63971894815533
            ],
            [
              -64.53886456888708,
              -9.639717728049506
            ],
            [
              -64.53886579854048,
              -9.639988972552661
            ],
            [
              -64.53913913750667,
              -9.639987752195335
            ],
            [
              -64.53913790763505,
              -9.639716507727147
            ],
            [
              -64.53941124634677,
              -9.639715287188254
            ]
          ]
        ]
      },
      "properties": {
        "region": 16,
        "area_ha": 0.54,
        "longitude": -64.53909378599087,
        "latitude": -9.640033163015167,
        "mean_index_change": -0.21663065254688263,
        "mean_model_score": 0.7172818779945374,
        "status": "Needs review",
        "note": ""
      }
    },
    {
      "type": "Feature",
      "geometry": {
        "type": "Polygon",
        "coordinates": [
          [
            [
              -64.54406663625313,
              -9.641593211668493
            ],
            [
              -64.54406787030693,
              -9.641864455475275
            ],
            [
              -64.54434121011097,
              -9.641863230758085
            ],
            [
              -64.54434244441939,
              -9.642134474525365
            ],
            [
              -64.54379576433843,
              -9.642136923813332
            ],
            [
              -64.54379453046653,
              -9.641865679975883
            ],
            [
              -64.54352119058977,
              -9.641866904259908
            ],
            [
              -64.54351995697247,
              -9.641595660382972
            ],
            [
              -64.54406663625313,
              -9.641593211668493
            ]
          ]
        ]
      },
      "properties": {
        "region": 17,
        "area_ha": 0.36,
        "longitude": -64.54393120039127,
        "latitude": -9.64186506775265,
        "mean_index_change": -0.3141888976097107,
        "mean_model_score": 0.7774501442909241,
        "status": "Needs review",
        "note": ""
      }
    },
    {
      "type": "Feature",
      "geometry": {
        "type": "Polygon",
        "coordinates": [
          [
            [
              -64.57851849088645,
              -9.643878350109427
            ],
            [
              -64.57851975277288,
              -9.64414958940657
            ],
            [
              -64.5787930899084,
              -9.644148337078352
            ],
            [
              -64.5787943520503,
              -9.644419576335203
            ],
            [
              -64.57797433987734,
              -9.644423332777592
            ],
            [
              -64.57797307839031,
              -9.644152093413153
            ],
            [
              -64.57824641560018,
              -9.64415084151817
            ],
            [
              -64.57824515393204,
              -9.643879602185166
            ],
            [
              -64.57851849088645,
              -9.643878350109427
            ]
          ]
        ]
      },
      "properties": {
        "region": 19,
        "area_ha": 0.36,
        "longitude": -64.57838339964131,
        "latitude": -9.644218025317528,
        "mean_index_change": -0.07120616734027863,
        "mean_model_score": 0.5898914933204651,
        "status": "Needs review",
        "note": ""
      }
    },
    {
      "type": "Feature",
      "geometry": {
        "type": "Polygon",
        "coordinates": [
          [
            [
              -64.54872578354245,
              -9.644284794514387
            ],
            [
              -64.54872702167114,
              -9.644556037679674
            ],
            [
              -64.54818033882627,
              -9.644558494531731
            ],
            [
              -64.5481815765548,
              -9.644829737762972
            ],
            [
              -64.54763489312745,
              -9.644832193818804
            ],
            [
              -64.5476324185801,
              -9.64428970721122
            ],
            [
              -64.54872578354245,
              -9.644284794514387
            ]
          ]
        ]
      },
      "properties": {
        "region": 21,
        "area_ha": 0.54,
        "longitude": -64.54808901873218,
        "latitude": -9.644513696715233,
        "mean_index_change": -0.4471534490585327,
        "mean_model_score": 0.6669554710388184,
        "status": "Needs review",
        "note": ""
      }
    },
    {
      "type": "Feature",
      "geometry": {
        "type": "Polygon",
        "coordinates": [
          [
            [
              -64.53669873695252,
              -9.64433864353847
            ],
            [
              -64.53670119403458,
              -9.644881132949342
            ],
            [
              -64.53615450755659,
              -9.64488357080648
            ],
            [
              -64.53615205134781,
              -9.644341081255964
            ],
            [
              -64.53669873695252,
              -9.64433864353847
            ]
          ]
        ]
      },
      "properties": {
        "region": 22,
        "area_ha": 0.36,
        "longitude": -64.53642662247286,
        "latitude": -9.644611107248092,
        "mean_index_change": -0.12837277352809906,
        "mean_model_score": 0.6618940830230713,
        "status": "Needs review",
        "note": ""
      }
    },
    {
      "type": "Feature",
      "geometry": {
        "type": "Polygon",
        "coordinates": [
          [
            [
              -64.57277714978241,
              -9.643633358157365
            ],
            [
              -64.57277840704772,
              -9.643904598210753
            ],
            [
              -64.57305174474422,
              -9.643903350467324
            ],
            [
              -64.5730555174173,
              -9.644717070493742
            ],
            [
              -64.57141548675357,
              -9.644724554348077
            ],
            [
              -64.57141674307547,
              -9.64499579456238
            ],
            [
              -64.57114340428366,
              -9.64499704114891
            ],
            [
              -64.57114466042427,
              -9.645268281394493
            ],
            [
              -64.570597982293,
              -9.645270773989013
            ],
            [
              -64.57059923803395,
              -9.645542014301562
            ],
            [
              -64.5686858618815,
              -9.645550731807587
            ],
            [
              -64.56868711613114,
              -9.645821972365367
            ],
            [
              -64.56841377631464,
              -9.645823216892387
            ],
            [
              -64.56841252228335,
              -9.645551976298968
            ],
            [
              -64.56813918264825,
              -9.645553220573692
            ],
            [
              -64.5681379288722,
              -9.645281979940217
            ],
            [
              -64.56786458941852,
              -9.645283223962657
            ],
            [
              -64.56786333589773,
              -9.645011983289136
            ],
            [
              -64.5681366751331,
              -9.645010739302325
            ],
            [
              -64.56813291413735,
              -9.64419701736211
            ],
            [
              -64.5684062526809,
              -9.644195773265553
            ],
            [
              -64.5684049988712,
              -9.643924532645606
            ],
            [
              -64.56867833715951,
              -9.643923288368066
            ],
            [
              -64.56867959118749,
              -9.644194528952372
            ],
            [
              -64.56977294484444,
              -9.644189549533401
            ],
            [
              -64.5697716899433,
              -9.643918309091717
            ],
            [
              -64.57168505589145,
              -9.643909587018296
            ],
            [
              -64.57168379949928,
              -9.643638346822012
            ],
            [
              -64.57277714978241,
              -9.643633358157365
            ]
          ]
        ]
      },
      "properties": {
        "region": 18,
        "area_ha": 7.83,
        "longitude": -64.57034522693172,
        "latitude": -9.644628106434135,
        "mean_index_change": -0.15382011234760284,
        "mean_model_score": 0.9182928800582886,
        "status": "Needs review",
        "note": ""
      }
    },
    {
      "type": "Feature",
      "geometry": {
        "type": "Polygon",
        "coordinates": [
          [
            [
              -64.53505745252745,
              -9.644074709169805
            ],
            [
              -64.53505990691738,
              -9.644617199008284
            ],
            [
              -64.5353332501008,
              -9.644615981089544
            ],
            [
              -64.53534184313266,
              -9.64651469514097
            ],
            [
              -64.53506849842084,
              -9.646515913303892
            ],
            [
              -64.53506481613103,
              -9.64570217863227
            ],
            [
              -64.53479147203812,
              -9.645703396473866
            ],
            [
              -64.53479024489882,
              -9.645432151539616
            ],
            [
              -64.5339702130583,
              -9.645435803659783
            ],
            [
              -64.53396898661016,
              -9.645164558616527
            ],
            [
              -64.5336956428094,
              -9.645165775521727
            ],
            [
              -64.53369441661572,
              -9.644894530439203
            ],
            [
              -64.53342107299716,
              -9.644895747092898
            ],
            [
              -64.53341984705791,
              -9.64462450197111
            ],
            [
              -64.53314650362158,
              -9.64462571837331
            ],
            [
              -64.53314527793677,
              -9.64435447321227
            ],
            [
              -64.53451199366567,
              -9.644348389209041
            ],
            [
              -64.53451076692542,
              -9.644077144217846
            ],
            [
              -64.53505745252745,
              -9.644074709169805
            ]
          ]
        ]
      },
      "properties": {
        "region": 20,
        "area_ha": 2.88,
        "longitude": -64.53453191461341,
        "latitude": -9.644975567144918,
        "mean_index_change": -0.2798771262168884,
        "mean_model_score": 0.8758251070976257,
        "status": "Needs review",
        "note": ""
      }
    },
    {
      "type": "Feature",
      "geometry": {
        "type": "Polygon",
        "coordinates": [
          [
            [
              -64.56322406266068,
              -9.646660545521387
            ],
            [
              -64.56322531269092,
              -9.646931786773104
            ],
            [
              -64.56213194676059,
              -9.646936746816186
            ],
            [
              -64.5621306976038,
              -9.646665505422446
            ],
            [
              -64.56322406266068,
              -9.646660545521387
            ]
          ]
        ]
      },
      "properties": {
        "region": 24,
        "area_ha": 0.36,
        "longitude": -64.56267800499799,
        "latitude": -9.646798646567206,
        "mean_index_change": -0.21928997337818146,
        "mean_model_score": 0.69524085521698,
        "status": "Needs review",
        "note": ""
      }
    },
    {
      "type": "Feature",
      "geometry": {
        "type": "Polygon",
        "coordinates": [
          [
            [
              -64.57360974297517,
              -9.64634201364698
            ],
            [
              -64.57361477636047,
              -9.64742697322813
            ],
            [
              -64.5727947548673,
              -9.647430718502344
            ],
            [
              -64.57279601265115,
              -9.647701958493808
            ],
            [
              -64.57142930832997,
              -9.647708196462148
            ],
            [
              -64.57143056505895,
              -9.647979436627798
            ],
            [
              -64.57006385872069,
              -9.647985669356975
            ],
            [
              -64.57006511439474,
              -9.64825690969665
            ],
            [
              -64.56815172243968,
              -9.64826562666519
            ],
            [
              -64.56815297662195,
              -9.648536867250016
            ],
            [
              -64.56651292362403,
              -9.64854433069899
            ],
            [
              -64.56651167075215,
              -9.648273089900488
            ],
            [
              -64.56678501279235,
              -9.648271846569735
            ],
            [
              -64.56678250672249,
              -9.64772936503066
            ],
            [
              -64.56705584828902,
              -9.647728121554398
            ],
            [
              -64.56705459509105,
              -9.647456880813827
            ],
            [
              -64.56787461891402,
              -9.647453149191643
            ],
            [
              -64.56787712665711,
              -9.647995630454663
            ],
            [
              -64.56897049298449,
              -9.647990651639516
            ],
            [
              -64.5689667288047,
              -9.647176930166
            ],
            [
              -64.56924006963906,
              -9.647175685027392
            ],
            [
              -64.569238814768,
              -9.646904444563024
            ],
            [
              -64.57033217686237,
              -9.646899461984333
            ],
            [
              -64.57033092115483,
              -9.646628221658219
            ],
            [
              -64.57306432161766,
              -9.64661575040058
            ],
            [
              -64.57306306376364,
              -9.646344510427161
            ],
            [
              -64.57360974297517,
              -9.64634201364698
            ]
          ]
        ]
      },
      "properties": {
        "region": 23,
        "area_ha": 8.55,
        "longitude": -64.57037941169521,
        "latitude": -9.647468863332199,
        "mean_index_change": -0.30581584572792053,
        "mean_model_score": 0.9320366382598877,
        "status": "Needs review",
        "note": ""
      }
    },
    {
      "type": "Feature",
      "geometry": {
        "type": "Polygon",
        "coordinates": [
          [
            [
              -64.56650916511907,
              -9.647730608290217
            ],
            [
              -64.56651041791717,
              -9.648001849097563
            ],
            [
              -64.56623707605848,
              -9.648003092176003
            ],
            [
              -64.56623958132856,
              -9.64854557384861
            ],
            [
              -64.56651292362403,
              -9.64854433069899
            ],
            [
              -64.5665141765328,
              -9.648815571493067
            ],
            [
              -64.56487412089638,
              -9.64882302735337
            ],
            [
              -64.56487286929803,
              -9.648551786345838
            ],
            [
              -64.56541955422085,
              -9.648549301997125
            ],
            [
              -64.56541705026113,
              -9.648006820111046
            ],
            [
              -64.56569039223045,
              -9.64800557768275
            ],
            [
              -64.56568914008751,
              -9.647734336768647
            ],
            [
              -64.56650916511907,
              -9.647730608290217
            ]
          ]
        ]
      },
      "properties": {
        "region": 25,
        "area_ha": 1.35,
        "longitude": -64.5658286911842,
        "latitude": -9.648357569545926,
        "mean_index_change": -0.2999429702758789,
        "mean_model_score": 0.8888311386108398,
        "status": "Needs review",
        "note": ""
      }
    },
    {
      "type": "Feature",
      "geometry": {
        "type": "Polygon",
        "coordinates": [
          [
            [
              -64.5361778487572,
              -9.65003722065537
            ],
            [
              -64.5361815354038,
              -9.650850954696276
            ],
            [
              -64.5359081873058,
              -9.65085217406771
            ],
            [
              -64.53590941604189,
              -9.65112341877408
            ],
            [
              -64.53536271930047,
              -9.651125856936366
            ],
            [
              -64.53536026273835,
              -9.650583367379637
            ],
            [
              -64.5356336106902,
              -9.650582148476675
            ],
            [
              -64.53563238224493,
              -9.650310903726568
            ],
            [
              -64.53590572994216,
              -9.650309684641721
            ],
            [
              -64.53590450131459,
              -9.650038439922099
            ],
            [
              -64.5361778487572,
              -9.65003722065537
            ]
          ]
        ]
      },
      "properties": {
        "region": 26,
        "area_ha": 0.72,
        "longitude": -64.53580476029285,
        "latitude": -9.650649197733618,
        "mean_index_change": -0.01283523440361023,
        "mean_model_score": 0.6408607959747314,
        "status": "Needs review",
        "note": ""
      }
    },
    {
      "type": "Feature",
      "geometry": {
        "type": "Polygon",
        "coordinates": [
          [
            [
              -64.53837078032554,
              -9.651383680699968
            ],
            [
              -64.53837201110031,
              -9.651654925083152
            ],
            [
              -64.53864535952788,
              -9.651653703655729
            ],
            [
              -64.5386478216231,
              -9.652196192338923
            ],
            [
              -64.53837447275855,
              -9.652197413836262
            ],
            [
              -64.53837324191132,
              -9.651926169461914
            ],
            [
              -64.53809989322902,
              -9.651927390707483
            ],
            [
              -64.5380974320802,
              -9.65138490187563
            ],
            [
              -64.53837078032554,
              -9.651383680699968
            ]
          ]
        ]
      },
      "properties": {
        "region": 30,
        "area_ha": 0.36,
        "longitude": -64.53837262650127,
        "latitude": -9.651790547273086,
        "mean_index_change": -0.4262252151966095,
        "mean_model_score": 0.9837366342544556,
        "status": "Needs review",
        "note": ""
      }
    },
    {
      "type": "Feature",
      "geometry": {
        "type": "Polygon",
        "coordinates": [
          [
            [
              -64.54410984977159,
              -9.651086742277869
            ],
            [
              -64.54411602676777,
              -9.652442960494508
            ],
            [
              -64.54356933001722,
              -9.652445412015293
            ],
            [
              -64.54356809498226,
              -9.652174168310646
            ],
            [
              -64.5438414431572,
              -9.652172942693744
            ],
            [
              -64.54383650250692,
              -9.651087967971261
            ],
            [
              -64.54410984977159,
              -9.651086742277869
            ]
          ]
        ]
      },
      "properties": {
        "region": 29,
        "area_ha": 0.54,
        "longitude": -64.54393111803938,
        "latitude": -9.651856083166818,
        "mean_index_change": -0.3169308006763458,
        "mean_model_score": 0.8604283928871155,
        "status": "Needs review",
        "note": ""
      }
    },
    {
      "type": "Feature",
      "geometry": {
        "type": "Polygon",
        "coordinates": [
          [
            [
              -64.54028175252849,
              -9.650832638109947
            ],
            [
              -64.54028298476008,
              -9.651103882257129
            ],
            [
              -64.53973628917763,
              -9.651106327356887
            ],
            [
              -64.53973875287572,
              -9.65164881577796
            ],
            [
              -64.54001210112204,
              -9.651647593266501
            ],
            [
              -64.54001086903638,
              -9.651376349093164
            ],
            [
              -64.54083091290227,
              -9.651372680362945
            ],
            [
              -64.54083214564336,
              -9.651643924431276
            ],
            [
              -64.54055879750588,
              -9.651645147593158
            ],
            [
              -64.54056003006478,
              -9.651916391692081
            ],
            [
              -64.54028668167253,
              -9.651917614672158
            ],
            [
              -64.54028791404922,
              -9.65218885880166
            ],
            [
              -64.54001456540217,
              -9.65219008159992
            ],
            [
              -64.54001702982741,
              -9.652732569915662
            ],
            [
              -64.5394703315505,
              -9.652735015001673
            ],
            [
              -64.53947156338049,
              -9.653006259222888
            ],
            [
              -64.53892486452156,
              -9.653008703511516
            ],
            [
              -64.53891870791921,
              -9.6516524820115
            ],
            [
              -64.53864535952788,
              -9.651653703655729
            ],
            [
              -64.5386428975776,
              -9.65111121495486
            ],
            [
              -64.53946294133199,
              -9.651107549581571
            ],
            [
              -64.5394617097558,
              -9.650836305329422
            ],
            [
              -64.54028175252849,
              -9.650832638109947
            ]
          ],
          [
            [
              -64.53946417294443,
              -9.651378793829304
            ],
            [
              -64.53919082484408,
              -9.65138001587217
            ],
            [
              -64.53919328774077,
              -9.651922504424332
            ],
            [
              -64.5394666362781,
              -9.65192128231151
            ],
            [
              -64.53946417294443,
              -9.651378793829304
            ]
          ]
        ]
      },
      "properties": {
        "region": 28,
        "area_ha": 2.97,
        "longitude": -64.5395865013309,
        "latitude": -9.651867318361825,
        "mean_index_change": -0.4435708224773407,
        "mean_model_score": 0.9653456211090088,
        "status": "Needs review",
        "note": ""
      }
    },
    {
      "type": "Feature",
      "geometry": {
        "type": "Polygon",
        "coordinates": [
          [
            [
              -64.57827418170244,
              -9.65011810572498
            ],
            [
              -64.57827544422543,
              -9.650389344956219
            ],
            [
              -64.57800210199318,
              -9.650390597675923
            ],
            [
              -64.57800336433489,
              -9.65066183693859
            ],
            [
              -64.57690999416054,
              -9.650666845793145
            ],
            [
              -64.57691125566562,
              -9.650938085194758
            ],
            [
              -64.57663791281074,
              -9.6509393369023
            ],
            [
              -64.57663917413448,
              -9.651210576335318
            ],
            [
              -64.576365831024,
              -9.651211827861905
            ],
            [
              -64.57637465980063,
              -9.653110504019823
            ],
            [
              -64.57610131512367,
              -9.653111755580333
            ],
            [
              -64.57609753179499,
              -9.652298037146052
            ],
            [
              -64.57582418773637,
              -9.65229928838231
            ],
            [
              -64.57581536279784,
              -9.650400611630072
            ],
            [
              -64.57608870532722,
              -9.650399360644476
            ],
            [
              -64.57608744455172,
              -9.650128121126547
            ],
            [
              -64.57663412906223,
              -9.6501256185767
            ],
            [
              -64.5766353902746,
              -9.650396858022994
            ],
            [
              -64.5769087326926,
              -9.650395606387107
            ],
            [
              -64.57690747126179,
              -9.65012436697664
            ],
            [
              -64.57827418170244,
              -9.65011810572498
            ]
          ]
        ]
      },
      "properties": {
        "region": 27,
        "area_ha": 2.97,
        "longitude": -64.57659287164134,
        "latitude": -9.65105050708837,
        "mean_index_change": -0.285185307264328,
        "mean_model_score": 0.9143062829971313,
        "status": "Needs review",
        "note": ""
      }
    },
    {
      "type": "Feature",
      "geometry": {
        "type": "Polygon",
        "coordinates": [
          [
            [
              -64.54356933001722,
              -9.652445412015293
            ],
            [
              -64.54357180019623,
              -9.65298789941133
            ],
            [
              -64.54329845132942,
              -9.65298912491663
            ],
            [
              -64.54329968625493,
              -9.653260368643085
            ],
            [
              -64.54302633713324,
              -9.653261593966612
            ],
            [
              -64.5430238677556,
              -9.652719106439147
            ],
            [
              -64.54329721644025,
              -9.652717881185747
            ],
            [
              -64.54329598158743,
              -9.652446637450451
            ],
            [
              -64.54356933001722,
              -9.652445412015293
            ]
          ]
        ]
      },
      "properties": {
        "region": 32,
        "area_ha": 0.36,
        "longitude": -64.54329783388029,
        "latitude": -9.652853503051743,
        "mean_index_change": -0.4097086787223816,
        "mean_model_score": 0.8331254720687866,
        "status": "Needs review",
        "note": ""
      }
    },
    {
      "type": "Feature",
      "geometry": {
        "type": "Polygon",
        "coordinates": [
          [
            [
              -64.53864905272506,
              -9.65246743667389
            ],
            [
              -64.5386527462484,
              -9.653281169652281
            ],
            [
              -64.53783269692391,
              -9.653284833913272
            ],
            [
              -64.5378302358499,
              -9.652742345055715
            ],
            [
              -64.53810358522392,
              -9.652741123922121
            ],
            [
              -64.53810481596133,
              -9.653012368318166
            ],
            [
              -64.53837816551763,
              -9.653011146932785
            ],
            [
              -64.53837570364202,
              -9.652468658206189
            ],
            [
              -64.53864905272506,
              -9.65246743667389
            ]
          ]
        ]
      },
      "properties": {
        "region": 33,
        "area_ha": 0.54,
        "longitude": -64.5382868438532,
        "latitude": -9.652966346690189,
        "mean_index_change": -0.4585632383823395,
        "mean_model_score": 0.998786211013794,
        "status": "Needs review",
        "note": ""
      }
    },
    {
      "type": "Feature",
      "geometry": {
        "type": "Polygon",
        "coordinates": [
          [
            [
              -64.53646102969257,
              -9.652205958246658
            ],
            [
              -64.53646471786298,
              -9.653019692076798
            ],
            [
              -64.53673806763653,
              -9.653018471992459
            ],
            [
              -64.53674175678822,
              -9.653832205678082
            ],
            [
              -64.53701510718116,
              -9.653830985272135
            ],
            [
              -64.53702125758393,
              -9.655187207818507
            ],
            [
              -64.5367479060982,
              -9.655188428399063
            ],
            [
              -64.53674913606879,
              -9.65545967293
            ],
            [
              -64.53538237700454,
              -9.655465772753946
            ],
            [
              -64.53538114812682,
              -9.655194528048492
            ],
            [
              -64.53647455457629,
              -9.655189648762727
            ],
            [
              -64.53647209518084,
              -9.654647159617763
            ],
            [
              -64.53674544626564,
              -9.654645939323931
            ],
            [
              -64.53674421640363,
              -9.654374694779733
            ],
            [
              -64.53619751463498,
              -9.654377135080697
            ],
            [
              -64.53619628524626,
              -9.654105890462256
            ],
            [
              -64.53592293452621,
              -9.654107110252529
            ],
            [
              -64.53591924723277,
              -9.653293376265976
            ],
            [
              -64.53537254699536,
              -9.653295814986562
            ],
            [
              -64.53537008985467,
              -9.652753325500523
            ],
            [
              -64.53564343955443,
              -9.652752106318436
            ],
            [
              -64.53564221081982,
              -9.65248086160368
            ],
            [
              -64.5359155602649,
              -9.652479642239655
            ],
            [
              -64.53591433134794,
              -9.652208397555377
            ],
            [
              -64.53646102969257,
              -9.652205958246658
            ]
          ]
        ]
      },
      "properties": {
        "region": 31,
        "area_ha": 3.33,
        "longitude": -64.53627986665573,
        "latitude": -9.653801277472185,
        "mean_index_change": -0.03015712834894657,
        "mean_model_score": 0.6905624270439148,
        "status": "Needs review",
        "note": ""
      }
    },
    {
      "type": "Feature",
      "geometry": {
        "type": "Polygon",
        "coordinates": [
          [
            [
              -64.59633510766831,
              -9.65437473843104
            ],
            [
              -64.59633638520924,
              -9.654645975211022
            ],
            [
              -64.59606304194824,
              -9.654647242817074
            ],
            [
              -64.59606559670583,
              -9.655189716436288
            ],
            [
              -64.5955189091969,
              -9.655192251142866
            ],
            [
              -64.59551507842814,
              -9.65437854048984
            ],
            [
              -64.59633510766831,
              -9.65437473843104
            ]
          ]
        ]
      },
      "properties": {
        "region": 35,
        "area_ha": 0.63,
        "longitude": -64.59584872835116,
        "latitude": -9.65474510894175,
        "mean_index_change": -0.39633968472480774,
        "mean_model_score": 0.941694438457489,
        "status": "Needs review",
        "note": ""
      }
    },
    {
      "type": "Feature",
      "geometry": {
        "type": "Polygon",
        "coordinates": [
          [
            [
              -64.57747182507768,
              -9.65391921346654
            ],
            [
              -64.57747434989041,
              -9.654461692015749
            ],
            [
              -64.5777476954743,
              -9.654460439191878
            ],
            [
              -64.57774895815493,
              -9.654731678423994
            ],
            [
              -64.57802230392019,
              -9.654730425347413
            ],
            [
              -64.57802482983001,
              -9.655272903726654
            ],
            [
              -64.57829817599522,
              -9.655271650361493
            ],
            [
              -64.57830070249084,
              -9.655814128651302
            ],
            [
              -64.57802735588851,
              -9.655815382088182
            ],
            [
              -64.57802609284069,
              -9.655544142909635
            ],
            [
              -64.57775274641976,
              -9.655545396093773
            ],
            [
              -64.57775148362765,
              -9.65527415687494
            ],
            [
              -64.57747813738814,
              -9.655275409806354
            ],
            [
              -64.57747687485174,
              -9.655004170547246
            ],
            [
              -64.57720352879363,
              -9.655005423225942
            ],
            [
              -64.57720226651293,
              -9.654734183926568
            ],
            [
              -64.5769289206362,
              -9.654735436352558
            ],
            [
              -64.57692765861118,
              -9.654464197012922
            ],
            [
              -64.57665431291588,
              -9.654465449186223
            ],
            [
              -64.57665178941433,
              -9.653922970422009
            ],
            [
              -64.57747182507768,
              -9.65391921346654
            ]
          ]
        ]
      },
      "properties": {
        "region": 34,
        "area_ha": 1.53,
        "longitude": -64.57746753563794,
        "latitude": -9.654724990503752,
        "mean_index_change": -0.2241993248462677,
        "mean_model_score": 0.9031224250793457,
        "status": "Needs review",
        "note": ""
      }
    },
    {
      "type": "Feature",
      "geometry": {
        "type": "Polygon",
        "coordinates": [
          [
            [
              -64.53975723523509,
              -9.655717478372534
            ],
            [
              -64.53975846768249,
              -9.655988722510145
            ],
            [
              -64.53866506034831,
              -9.655993612626292
            ],
            [
              -64.53866382877524,
              -9.655722368348782
            ],
            [
              -64.53975723523509,
              -9.655717478372534
            ]
          ]
        ]
      },
      "properties": {
        "region": 36,
        "area_ha": 0.36,
        "longitude": -64.53921114807825,
        "latitude": -9.655855545898797,
        "mean_index_change": -0.11815151572227478,
        "mean_model_score": 0.5831536650657654,
        "status": "Needs review",
        "note": ""
      }
    },
    {
      "type": "Feature",
      "geometry": {
        "type": "Polygon",
        "coordinates": [
          [
            [
              -64.57912074207472,
              -9.655810367039342
            ],
            [
              -64.57912453406412,
              -9.656624084117995
            ],
            [
              -64.57885118691762,
              -9.656625338313168
            ],
            [
              -64.57884865932465,
              -9.656082860193408
            ],
            [
              -64.57830196579438,
              -9.656085367789565
            ],
            [
              -64.57830070249084,
              -9.655814128651302
            ],
            [
              -64.57912074207472,
              -9.655810367039342
            ]
          ]
        ]
      },
      "properties": {
        "region": 37,
        "area_ha": 0.45,
        "longitude": -64.5788214510256,
        "latitude": -9.65611010950059,
        "mean_index_change": -0.10062283277511597,
        "mean_model_score": 0.8154362440109253,
        "status": "Needs review",
        "note": ""
      }
    },
    {
      "type": "Feature",
      "geometry": {
        "type": "Polygon",
        "coordinates": [
          [
            [
              -64.5960732618807,
              -9.656817137187565
            ],
            [
              -64.59607709497563,
              -9.657630847503363
            ],
            [
              -64.59580374927278,
              -9.657632115291447
            ],
            [
              -64.59580247175549,
              -9.657360878487681
            ],
            [
              -64.59552912623367,
              -9.65736214602259
            ],
            [
              -64.595526571749,
              -9.656819672329256
            ],
            [
              -64.5960732618807,
              -9.656817137187565
            ]
          ]
        ]
      },
      "properties": {
        "region": 39,
        "area_ha": 0.45,
        "longitude": -64.59582891205055,
        "latitude": -9.65717088595953,
        "mean_index_change": -0.40673619508743286,
        "mean_model_score": 0.9696550369262695,
        "status": "Needs review",
        "note": ""
      }
    },
    {
      "type": "Feature",
      "geometry": {
        "type": "Polygon",
        "coordinates": [
          [
            [
              -64.54112645961082,
              -9.65625384894273
            ],
            [
              -64.54113016055847,
              -9.657067580790724
            ],
            [
              -64.54085680808629,
              -9.657068804869716
            ],
            [
              -64.54085804158949,
              -9.657340048845219
            ],
            [
              -64.54031133609905,
              -9.657342496422425
            ],
            [
              -64.54031256920129,
              -9.657613740463516
            ],
            [
              -64.54058592218328,
              -9.657612516748376
            ],
            [
              -64.54058838893387,
              -9.658155004747295
            ],
            [
              -64.5411350956635,
              -9.658152556526142
            ],
            [
              -64.5411338618328,
              -9.65788131259892
            ],
            [
              -64.54168056798,
              -9.657878863579992
            ],
            [
              -64.54167809955297,
              -9.657336375852386
            ],
            [
              -64.54195145213484,
              -9.657335151087567
            ],
            [
              -64.54195392099912,
              -9.657877638745104
            ],
            [
              -64.54222727398192,
              -9.657876413693268
            ],
            [
              -64.54222850868716,
              -9.658147657480365
            ],
            [
              -64.54277521498108,
              -9.658145206655746
            ],
            [
              -64.54277645015992,
              -9.658416450368318
            ],
            [
              -64.54304980347102,
              -9.658415224595517
            ],
            [
              -64.54305103890486,
              -9.658686468268609
            ],
            [
              -64.54277768537511,
              -9.658687694076468
            ],
            [
              -64.5427801559145,
              -9.6592301814795
            ],
            [
              -64.54305350988156,
              -9.65922895560152
            ],
            [
              -64.54305474542441,
              -9.659500199261345
            ],
            [
              -64.5441481618038,
              -9.659495293439333
            ],
            [
              -64.5441493982577,
              -9.65976653695443
            ],
            [
              -64.54469610666654,
              -9.659764082671323
            ],
            [
              -64.54469363292043,
              -9.659221595777078
            ],
            [
              -64.5455136939488,
              -9.659217912935636
            ],
            [
              -64.54551493145965,
              -9.659489156279648
            ],
            [
              -64.54524157760126,
              -9.659490384145553
            ],
            [
              -64.54524281492986,
              -9.659761627520254
            ],
            [
              -64.54578952304759,
              -9.65975917150122
            ],
            [
              -64.54578704755212,
              -9.659216684887866
            ],
            [
              -64.54633375464954,
              -9.659214228141394
            ],
            [
              -64.54633251651912,
              -9.658942984898347
            ],
            [
              -64.54742592940221,
              -9.658938068942264
            ],
            [
              -64.5474246904336,
              -9.658666825835395
            ],
            [
              -64.54824474905732,
              -9.65866313669565
            ],
            [
              -64.54824598868187,
              -9.658934379697007
            ],
            [
              -64.54851934170217,
              -9.658933149514645
            ],
            [
              -64.54852182149804,
              -9.659475635433727
            ],
            [
              -64.54934188165201,
              -9.659471943373644
            ],
            [
              -64.54934312226067,
              -9.65974318622096
            ],
            [
              -64.54852306145068,
              -9.659746878386631
            ],
            [
              -64.54852430143977,
              -9.660018121335112
            ],
            [
              -64.54688417752313,
              -9.660025500018751
            ],
            [
              -64.5468854162366,
              -9.660296743173816
            ],
            [
              -64.54661206190426,
              -9.660297972230085
            ],
            [
              -64.54661330043548,
              -9.660569215415872
            ],
            [
              -64.54633994584802,
              -9.660570444290277
            ],
            [
              -64.54634118419698,
              -9.66084168750678
            ],
            [
              -64.54306092368392,
              -9.660856417494108
            ],
            [
              -64.54306215944486,
              -9.661127661127392
            ],
            [
              -64.54196873723544,
              -9.661132564318843
            ],
            [
              -64.54196626749953,
              -9.660590076767448
            ],
            [
              -64.54169291229377,
              -9.660591301952683
            ],
            [
              -64.54169167769898,
              -9.66032005813532
            ],
            [
              -64.54059825738764,
              -9.660324956566063
            ],
            [
              -64.54059949110766,
              -9.660596200523507
            ],
            [
              -64.53841264699406,
              -9.660605987248578
            ],
            [
              -64.53841018308937,
              -9.660063498769553
            ],
            [
              -64.53813682784943,
              -9.660064721063723
            ],
            [
              -64.53812574403989,
              -9.657623522374623
            ],
            [
              -64.53839909731192,
              -9.657622300395037
            ],
            [
              -64.53840032892005,
              -9.657893544676561
            ],
            [
              -64.53867368237447,
              -9.657892322445074
            ],
            [
              -64.53867245054774,
              -9.65762107819851
            ],
            [
              -64.53921915691062,
              -9.657618633154621
            ],
            [
              -64.53921669249137,
              -9.65707614478811
            ],
            [
              -64.54003675045205,
              -9.657072475805107
            ],
            [
              -64.54003551764097,
              -9.656801231720168
            ],
            [
              -64.5403088700034,
              -9.656800008326968
            ],
            [
              -64.54030763700999,
              -9.656528764272611
            ],
            [
              -64.54085434118879,
              -9.656526316905444
            ],
            [
              -64.54085310779446,
              -9.656255072916675
            ],
            [
              -64.54112645961082,
              -9.65625384894273
            ]
          ],
          [
            [
              -64.54496946081639,
              -9.659762855204285
            ],
            [
              -64.54469610666654,
              -9.659764082671323
            ],
            [
              -64.54469734359417,
              -9.660035326111812
            ],
            [
              -64.5449706979627,
              -9.66003409860967
            ],
            [
              -64.54496946081639,
              -9.659762855204285
            ]
          ]
        ]
      },
      "properties": {
        "region": 38,
        "area_ha": 27.27,
        "longitude": -64.54232270787574,
        "latitude": -9.65931951564426,
        "mean_index_change": -0.32737022638320923,
        "mean_model_score": 0.9441670179367065,
        "status": "Needs review",
        "note": ""
      }
    },
    {
      "type": "Feature",
      "geometry": {
        "type": "Polygon",
        "coordinates": [
          [
            [
              -64.57805262465,
              -9.661240164729023
            ],
            [
              -64.57805388847832,
              -9.661511403814547
            ],
            [
              -64.57860059082847,
              -9.661508895217654
            ],
            [
              -64.57860185513137,
              -9.66178013422702
            ],
            [
              -64.57832850375618,
              -9.661781388669844
            ],
            [
              -64.57833103203612,
              -9.66232386674702
            ],
            [
              -64.57805768018633,
              -9.662325121044535
            ],
            [
              -64.5780564162465,
              -9.662053881972307
            ],
            [
              -64.57778306457826,
              -9.662055136016933
            ],
            [
              -64.57777927363786,
              -9.661241418666089
            ],
            [
              -64.57805262465,
              -9.661240164729023
            ]
          ]
        ]
      },
      "properties": {
        "region": 40,
        "area_ha": 0.63,
        "longitude": -64.57811363736892,
        "latitude": -9.661762999931852,
        "mean_index_change": -0.3272307515144348,
        "mean_model_score": 0.7887221574783325,
        "status": "Needs review",
        "note": ""
      }
    },
    {
      "type": "Feature",
      "geometry": {
        "type": "Polygon",
        "coordinates": [
          [
            [
              -64.54662568775136,
              -9.663281647030386
            ],
            [
              -64.54662940465649,
              -9.664095376428453
            ],
            [
              -64.54580933225414,
              -9.664099063770893
            ],
            [
              -64.54580685559357,
              -9.663556577299133
            ],
            [
              -64.5460802126599,
              -9.663555348472332
            ],
            [
              -64.54607897416548,
              -9.663284105264943
            ],
            [
              -64.54662568775136,
              -9.663281647030386
            ]
          ]
        ]
      },
      "properties": {
        "region": 41,
        "area_ha": 0.72,
        "longitude": -64.54625183497083,
        "latitude": -9.663724107333994,
        "mean_index_change": -0.4345463216304779,
        "mean_model_score": 0.9668851494789124,
        "status": "Needs review",
        "note": ""
      }
    },
    {
      "type": "Feature",
      "geometry": {
        "type": "Polygon",
        "coordinates": [
          [
            [
              -64.55565516466812,
              -9.665139654527522
            ],
            [
              -64.55565765751973,
              -9.665682138409059
            ],
            [
              -64.55593101502129,
              -9.665680901484745
            ],
            [
              -64.55593226172086,
              -9.66595214338352
            ],
            [
              -64.5553855462435,
              -9.665954617085724
            ],
            [
              -64.55538429998154,
              -9.665683375116247
            ],
            [
              -64.55429086946248,
              -9.66568831977379
            ],
            [
              -64.55429336027248,
              -9.666230803990958
            ],
            [
              -64.55402000211353,
              -9.666232039683166
            ],
            [
              -64.55401875690906,
              -9.665960797541484
            ],
            [
              -64.55374539893232,
              -9.66596203298125
            ],
            [
              -64.55374415398326,
              -9.665690790799827
            ],
            [
              -64.55401751174116,
              -9.665689555395371
            ],
            [
              -64.5540162666099,
              -9.665418313244833
            ],
            [
              -64.55510969640021,
              -9.66541336959708
            ],
            [
              -64.55510845043032,
              -9.665142127583412
            ],
            [
              -64.55565516466812,
              -9.665139654527522
            ]
          ]
        ]
      },
      "properties": {
        "region": 43,
        "area_ha": 1.17,
        "longitude": -64.55486888647773,
        "latitude": -9.665633543312945,
        "mean_index_change": -0.17356649041175842,
        "mean_model_score": 0.7391342520713806,
        "status": "Needs review",
        "note": ""
      }
    },
    {
      "type": "Feature",
      "geometry": {
        "type": "Polygon",
        "coordinates": [
          [
            [
              -64.54035451626432,
              -9.666836035228972
            ],
            [
              -64.54035945397034,
              -9.667921010747458
            ],
            [
              -64.54008609263964,
              -9.667922235575581
            ],
            [
              -64.54008485837757,
              -9.6676509916676
            ],
            [
              -64.53981149722945,
              -9.667652216243553
            ],
            [
              -64.53980779531749,
              -9.666838484388073
            ],
            [
              -64.54035451626432,
              -9.666836035228972
            ]
          ]
        ]
      },
      "properties": {
        "region": 44,
        "area_ha": 0.63,
        "longitude": -64.54010288545547,
        "latitude": -9.667321536584112,
        "mean_index_change": -0.4093327224254608,
        "mean_model_score": 0.8119028806686401,
        "status": "Needs review",
        "note": ""
      }
    },
    {
      "type": "Feature",
      "geometry": {
        "type": "Polygon",
        "coordinates": [
          [
            [
              -64.53706310432437,
              -9.664409518202575
            ],
            [
              -64.53706433574443,
              -9.664680762548235
            ],
            [
              -64.53733769484782,
              -9.664679540528264
            ],
            [
              -64.53734015823413,
              -9.665222029136455
            ],
            [
              -64.53761351773893,
              -9.665220806829502
            ],
            [
              -64.53761721374643,
              -9.666034539603793
            ],
            [
              -64.53734385358518,
              -9.666035762015555
            ],
            [
              -64.5373450854413,
              -9.66630700629974
            ],
            [
              -64.53789180616522,
              -9.666304561189197
            ],
            [
              -64.53789303849521,
              -9.666575805399075
            ],
            [
              -64.53925984076515,
              -9.666569688647904
            ],
            [
              -64.53925860734098,
              -9.666298444612835
            ],
            [
              -64.5395319674674,
              -9.666297220646134
            ],
            [
              -64.53952950029016,
              -9.665754732632676
            ],
            [
              -64.53980285994265,
              -9.665753508518804
            ],
            [
              -64.53980779531749,
              -9.666838484388073
            ],
            [
              -64.53816763160674,
              -9.666845826653647
            ],
            [
              -64.53816886422804,
              -9.667117070819724
            ],
            [
              -64.5376221422635,
              -9.66711951657423
            ],
            [
              -64.53763076856283,
              -9.669018226102112
            ],
            [
              -64.53790413109535,
              -9.669017003088838
            ],
            [
              -64.5379053637876,
              -9.669288247254459
            ],
            [
              -64.53708527542472,
              -9.669291915747479
            ],
            [
              -64.53708650749648,
              -9.66956316001349
            ],
            [
              -64.53489960185155,
              -9.669572933383424
            ],
            [
              -64.53490083220821,
              -9.66984417792423
            ],
            [
              -64.53462746862091,
              -9.669845398652862
            ],
            [
              -64.53462377831615,
              -9.669031664912536
            ],
            [
              -64.53489714124672,
              -9.66903044428853
            ],
            [
              -64.53489222047091,
              -9.667945466045637
            ],
            [
              -64.53516558248978,
              -9.667944245343952
            ],
            [
              -64.53516681284839,
              -9.668215489876431
            ],
            [
              -64.53544017504997,
              -9.668214268922677
            ],
            [
              -64.53543525295709,
              -9.667129290905752
            ],
            [
              -64.53570861424706,
              -9.667128069874382
            ],
            [
              -64.53570615297993,
              -9.666585580909157
            ],
            [
              -64.53597951379602,
              -9.666584359730424
            ],
            [
              -64.53597828299789,
              -9.666313115276074
            ],
            [
              -64.53625164355894,
              -9.666311893915093
            ],
            [
              -64.53625287457594,
              -9.666583138334538
            ],
            [
              -64.53652623531964,
              -9.666581916721503
            ],
            [
              -64.53652500408384,
              -9.666310672336973
            ],
            [
              -64.53679836457252,
              -9.666309450541707
            ],
            [
              -64.53679713315407,
              -9.666038206187668
            ],
            [
              -64.53652377288421,
              -9.666039427948016
            ],
            [
              -64.5365225417208,
              -9.665768183554633
            ],
            [
              -64.53624918163356,
              -9.665769405062932
            ],
            [
              -64.53624671985291,
              -9.665226916193072
            ],
            [
              -64.53652007950252,
              -9.665225694754596
            ],
            [
              -64.53651884844767,
              -9.66495445034794
            ],
            [
              -64.5359721295499,
              -9.664956892937957
            ],
            [
              -64.53597089896884,
              -9.664685648457057
            ],
            [
              -64.53651761742901,
              -9.66468320593686
            ],
            [
              -64.53651638644656,
              -9.664411961521354
            ],
            [
              -64.53706310432437,
              -9.664409518202575
            ]
          ],
          [
            [
              -64.53706433574443,
              -9.664680762548235
            ],
            [
              -64.53679097660482,
              -9.664681984351104
            ],
            [
              -64.53679220784227,
              -9.664953228727265
            ],
            [
              -64.53706556720067,
              -9.664952006889473
            ],
            [
              -64.53706433574443,
              -9.664680762548235
            ]
          ],
          [
            [
              -64.53571476804792,
              -9.668484292210003
            ],
            [
              -64.53516804324313,
              -9.668486734404485
            ],
            [
              -64.53517173464438,
              -9.669300467962097
            ],
            [
              -64.53571846076252,
              -9.669298025558268
            ],
            [
              -64.53571476804792,
              -9.668484292210003
            ]
          ]
        ]
      },
      "properties": {
        "region": 42,
        "area_ha": 12.42,
        "longitude": -64.5367657966897,
        "latitude": -9.667426044782896,
        "mean_index_change": -0.36099773645401,
        "mean_model_score": 0.9737944602966309,
        "status": "Needs review",
        "note": ""
      }
    },
    {
      "type": "Feature",
      "geometry": {
        "type": "Polygon",
        "coordinates": [
          [
            [
              -64.54557065712642,
              -9.671695102179697
            ],
            [
              -64.54557189631191,
              -9.671966345320094
            ],
            [
              -64.54584526019944,
              -9.67196511562155
            ],
            [
              -64.54584649964032,
              -9.672236358722394
            ],
            [
              -64.54529977139092,
              -9.672238817972453
            ],
            [
              -64.54529853238797,
              -9.671967574801368
            ],
            [
              -64.54502516842763,
              -9.67196880406537
            ],
            [
              -64.54502392968006,
              -9.671697560854746
            ],
            [
              -64.54557065712642,
              -9.671695102179697
            ]
          ]
        ]
      },
      "properties": {
        "region": 45,
        "area_ha": 0.36,
        "longitude": -64.5454352143545,
        "latitude": -9.67196696008789,
        "mean_index_change": -0.2965155839920044,
        "mean_model_score": 0.6713101863861084,
        "status": "Needs review",
        "note": ""
      }
    },
    {
      "type": "Feature",
      "geometry": {
        "type": "Polygon",
        "coordinates": [
          [
            [
              -64.55541546752171,
              -9.672464423024262
            ],
            [
              -64.55541796191419,
              -9.673006906737282
            ],
            [
              -64.55514459842911,
              -9.673008144181551
            ],
            [
              -64.55514584546133,
              -9.673279386066755
            ],
            [
              -64.55487248172062,
              -9.67328062332907
            ],
            [
              -64.55486874139083,
              -9.672466897554159
            ],
            [
              -64.55541546752171,
              -9.672464423024262
            ]
          ]
        ]
      },
      "properties": {
        "region": 47,
        "area_ha": 0.45,
        "longitude": -64.55511638919317,
        "latitude": -9.672818398589277,
        "mean_index_change": -0.09840450435876846,
        "mean_model_score": 0.7076968550682068,
        "status": "Needs review",
        "note": ""
      }
    },
    {
      "type": "Feature",
      "geometry": {
        "type": "Polygon",
        "coordinates": [
          [
            [
              -64.56525776782635,
              -9.672690973451731
            ],
            [
              -64.56526153323038,
              -9.673504695172031
            ],
            [
              -64.56444144531999,
              -9.673508430533376
            ],
            [
              -64.56444019080543,
              -9.673237189857701
            ],
            [
              -64.56498691567789,
              -9.673234699905212
            ],
            [
              -64.56498440588338,
              -9.67269221868278
            ],
            [
              -64.56525776782635,
              -9.672690973451731
            ]
          ]
        ]
      },
      "properties": {
        "region": 48,
        "area_ha": 0.45,
        "longitude": -64.56495945394674,
        "latitude": -9.673207700362422,
        "mean_index_change": -0.3848424255847931,
        "mean_model_score": 0.8362876772880554,
        "status": "Needs review",
        "note": ""
      }
    },
    {
      "type": "Feature",
      "geometry": {
        "type": "Polygon",
        "coordinates": [
          [
            [
              -64.55951465840221,
              -9.672174595014939
            ],
            [
              -64.559515908828,
              -9.67244583634723
            ],
            [
              -64.55978927128811,
              -9.672444595497222
            ],
            [
              -64.55979677592825,
              -9.674072043185244
            ],
            [
              -64.55925004834344,
              -9.674074525093241
            ],
            [
              -64.55924629717202,
              -9.67326080105655
            ],
            [
              -64.55897293398151,
              -9.673262041578292
            ],
            [
              -64.55897168388348,
              -9.672990800188433
            ],
            [
              -64.55815159474861,
              -9.672994520343655
            ],
            [
              -64.55815034534425,
              -9.672723278843113
            ],
            [
              -64.55897043382218,
              -9.672719558794144
            ],
            [
              -64.55896793380974,
              -9.672177075992268
            ],
            [
              -64.55951465840221,
              -9.672174595014939
            ]
          ]
        ]
      },
      "properties": {
        "region": 46,
        "area_ha": 1.8,
        "longitude": -64.5592863013646,
        "latitude": -9.673043621880609,
        "mean_index_change": -0.07956081628799438,
        "mean_model_score": 0.7761710286140442,
        "status": "Needs review",
        "note": ""
      }
    },
    {
      "type": "Feature",
      "geometry": {
        "type": "Polygon",
        "coordinates": [
          [
            [
              -64.56143445347888,
              -9.673522110126369
            ],
            [
              -64.5614369578006,
              -9.67406459224576
            ],
            [
              -64.56061686702985,
              -9.674068318693404
            ],
            [
              -64.56061561550763,
              -9.673797077529509
            ],
            [
              -64.56088897891564,
              -9.67379583563307
            ],
            [
              -64.56088772721117,
              -9.67352459450021
            ],
            [
              -64.56143445347888,
              -9.673522110126369
            ]
          ]
        ]
      },
      "properties": {
        "region": 51,
        "area_ha": 0.45,
        "longitude": -64.56108045846716,
        "latitude": -9.673822090286828,
        "mean_index_change": -0.42497071623802185,
        "mean_model_score": 0.9582854509353638,
        "status": "Needs review",
        "note": ""
      }
    },
    {
      "type": "Feature",
      "geometry": {
        "type": "Polygon",
        "coordinates": [
          [
            [
              -64.56362135707793,
              -9.673512163939042
            ],
            [
              -64.56362261097237,
              -9.673783404716906
            ],
            [
              -64.5630758848555,
              -9.673785892638577
            ],
            [
              -64.56307839187885,
              -9.674328374323103
            ],
            [
              -64.56280502832715,
              -9.674329618029015
            ],
            [
              -64.56280126850437,
              -9.673515895389029
            ],
            [
              -64.56362135707793,
              -9.673512163939042
            ]
          ]
        ]
      },
      "properties": {
        "region": 50,
        "area_ha": 0.45,
        "longitude": -64.5631033465147,
        "latitude": -9.673812892347431,
        "mean_index_change": -0.37606772780418396,
        "mean_model_score": 0.866508960723877,
        "status": "Needs review",
        "note": ""
      }
    },
    {
      "type": "Feature",
      "geometry": {
        "type": "Polygon",
        "coordinates": [
          [
            [
              -64.55842620749033,
              -9.6732645219699
            ],
            [
              -64.55842745718711,
              -9.673535763426164
            ],
            [
              -64.55870082067004,
              -9.67353452330359
            ],
            [
              -64.55870207062253,
              -9.673805764720003
            ],
            [
              -64.55897543428775,
              -9.67380452434471
            ],
            [
              -64.55897793474087,
              -9.674347007093397
            ],
            [
              -64.55815784232101,
              -9.674350727779858
            ],
            [
              -64.55815284418968,
              -9.67326576183976
            ],
            [
              -64.55842620749033,
              -9.6732645219699
            ]
          ]
        ]
      },
      "properties": {
        "region": 49,
        "area_ha": 0.81,
        "longitude": -64.55850512732695,
        "latitude": -9.673912143193256,
        "mean_index_change": -0.32320526242256165,
        "mean_model_score": 0.7844011187553406,
        "status": "Needs review",
        "note": ""
      }
    },
    {
      "type": "Feature",
      "geometry": {
        "type": "Polygon",
        "coordinates": [
          [
            [
              -64.55624928464275,
              -9.675444368635377
            ],
            [
              -64.55625053288085,
              -9.675715610339289
            ],
            [
              -64.55515707039976,
              -9.675720562834156
            ],
            [
              -64.55515582303784,
              -9.675449320988841
            ],
            [
              -64.55624928464275,
              -9.675444368635377
            ]
          ]
        ]
      },
      "properties": {
        "region": 54,
        "area_ha": 0.36,
        "longitude": -64.55570317780901,
        "latitude": -9.675582466134665,
        "mean_index_change": -0.07419604063034058,
        "mean_model_score": 0.6195756196975708,
        "status": "Needs review",
        "note": ""
      }
    },
    {
      "type": "Feature",
      "geometry": {
        "type": "Polygon",
        "coordinates": [
          [
            [
              -64.55188041386054,
              -9.676549126233143
            ],
            [
              -64.551884148609,
              -9.677362852973467
            ],
            [
              -64.5513374136416,
              -9.677365323123418
            ],
            [
              -64.55133616912705,
              -9.677094080810559
            ],
            [
              -64.55106280180763,
              -9.677095315524198
            ],
            [
              -64.55106155754872,
              -9.676824073171659
            ],
            [
              -64.55078819041181,
              -9.676825307632672
            ],
            [
              -64.55078694640852,
              -9.676554065240456
            ],
            [
              -64.55188041386054,
              -9.676549126233143
            ]
          ]
        ]
      },
      "properties": {
        "region": 55,
        "area_ha": 0.81,
        "longitude": -64.55144157977546,
        "latitude": -9.676897703366635,
        "mean_index_change": -0.34962427616119385,
        "mean_model_score": 0.9556295871734619,
        "status": "Needs review",
        "note": ""
      }
    },
    {
      "type": "Feature",
      "geometry": {
        "type": "Polygon",
        "coordinates": [
          [
            [
              -64.6002554891833,
              -9.674157205854033
            ],
            [
              -64.60026318985933,
              -9.675784621473507
            ],
            [
              -64.59998983006032,
              -9.675785894951382
            ],
            [
              -64.59998726345559,
              -9.675243423023268
            ],
            [
              -64.59971390405694,
              -9.675244696211097
            ],
            [
              -64.59971262103012,
              -9.674973460204026
            ],
            [
              -64.59943926181283,
              -9.674974733138187
            ],
            [
              -64.59944311034927,
              -9.67578844125512
            ],
            [
              -64.59971647022365,
              -9.675787168211915
            ],
            [
              -64.59971775336352,
              -9.676058404205662
            ],
            [
              -64.59999111341925,
              -9.676057130908772
            ],
            [
              -64.59999239681585,
              -9.676328366861721
            ],
            [
              -64.60026575705292,
              -9.676327093311128
            ],
            [
              -64.60026832439729,
              -9.676869565130984
            ],
            [
              -64.59999496372211,
              -9.676870838754297
            ],
            [
              -64.59999753077916,
              -9.677413310629106
            ],
            [
              -64.59945080843949,
              -9.677415857369052
            ],
            [
              -64.59945209158639,
              -9.67768709337249
            ],
            [
              -64.59917873014095,
              -9.67768836645275
            ],
            [
              -64.59917744721312,
              -9.677417130412968
            ],
            [
              -64.59890408594909,
              -9.67741840323951
            ],
            [
              -64.598902803278,
              -9.677147167158948
            ],
            [
              -64.59862944219537,
              -9.677148439731788
            ],
            [
              -64.598628159781,
              -9.676877203610456
            ],
            [
              -64.59808143794089,
              -9.6768797480314
            ],
            [
              -64.59807887410135,
              -9.67633727563013
            ],
            [
              -64.59780551356292,
              -9.676338547441938
            ],
            [
              -64.59780423191864,
              -9.676067311198333
            ],
            [
              -64.59807759223803,
              -9.676066039422835
            ],
            [
              -64.59807631041237,
              -9.6757948032111
            ],
            [
              -64.59862303050011,
              -9.675792259080714
            ],
            [
              -64.59861790182177,
              -9.674707314479903
            ],
            [
              -64.59916462000672,
              -9.674704769770829
            ],
            [
              -64.59916333749328,
              -9.674433533682187
            ],
            [
              -64.59998341383114,
              -9.67442971509779
            ],
            [
              -64.59998213069838,
              -9.674158479113746
            ],
            [
              -64.6002554891833,
              -9.674157205854033
            ]
          ]
        ]
      },
      "properties": {
        "region": 52,
        "area_ha": 5.76,
        "longitude": -64.59925188628002,
        "latitude": -9.675997001338994,
        "mean_index_change": -0.10653139650821686,
        "mean_model_score": 0.8397967219352722,
        "status": "Needs review",
        "note": ""
      }
    },
    {
      "type": "Feature",
      "geometry": {
        "type": "Polygon",
        "coordinates": [
          [
            [
              -64.55270798783528,
              -9.678172872501065
            ],
            [
              -64.55270923359157,
              -9.67844411461985
            ],
            [
              -64.55161576044362,
              -9.678449057223224
            ],
            [
              -64.55161451556378,
              -9.678177814963348
            ],
            [
              -64.55270798783528,
              -9.678172872501065
            ]
          ]
        ]
      },
      "properties": {
        "region": 60,
        "area_ha": 0.36,
        "longitude": -64.55216187442713,
        "latitude": -9.67831096526225,
        "mean_index_change": -0.3838244080543518,
        "mean_model_score": 0.659805178642273,
        "status": "Needs review",
        "note": ""
      }
    },
    {
      "type": "Feature",
      "geometry": {
        "type": "Polygon",
        "coordinates": [
          [
            [
              -64.57375468935838,
              -9.677534573341974
            ],
            [
              -64.57375595191169,
              -9.677805812734395
            ],
            [
              -64.57402931683313,
              -9.677804559870983
            ],
            [
              -64.57403184248918,
              -9.678347038570994
            ],
            [
              -64.57375847712953,
              -9.678348291505934
            ],
            [
              -64.57375973979406,
              -9.678619530885044
            ],
            [
              -64.57348637417823,
              -9.678620783638337
            ],
            [
              -64.57348511173282,
              -9.678349544223469
            ],
            [
              -64.57293838082818,
              -9.678352049006326
            ],
            [
              -64.57293711885802,
              -9.678080809515516
            ],
            [
              -64.57321048410977,
              -9.67807955726854
            ],
            [
              -64.57320922195757,
              -9.67780831780904
            ],
            [
              -64.57348258695316,
              -9.677807065380415
            ],
            [
              -64.57348132461894,
              -9.677535825952233
            ],
            [
              -64.57375468935838,
              -9.677534573341974
            ]
          ]
        ]
      },
      "properties": {
        "region": 58,
        "area_ha": 0.81,
        "longitude": -64.57355985423594,
        "latitude": -9.678093025714995,
        "mean_index_change": -0.4037104845046997,
        "mean_model_score": 0.8964225053787231,
        "status": "Needs review",
        "note": ""
      }
    },
    {
      "type": "Feature",
      "geometry": {
        "type": "Polygon",
        "coordinates": [
          [
            [
              -64.57266375356922,
              -9.6780820615451
            ],
            [
              -64.57266501532027,
              -9.678353301071649
            ],
            [
              -64.57293838082818,
              -9.678352049006326
            ],
            [
              -64.5729396428354,
              -9.678623288492695
            ],
            [
              -64.57184617970506,
              -9.67862829559247
            ],
            [
              -64.57184491857429,
              -9.678357055963177
            ],
            [
              -64.57211828419332,
              -9.678355804550074
            ],
            [
              -64.57211702288046,
              -9.678084564952062
            ],
            [
              -64.57266375356922,
              -9.6780820615451
            ]
          ]
        ]
      },
      "properties": {
        "region": 59,
        "area_ha": 0.54,
        "longitude": -64.57239186003424,
        "latitude": -9.678399759512844,
        "mean_index_change": -0.47355666756629944,
        "mean_model_score": 0.968644380569458,
        "status": "Needs review",
        "note": ""
      }
    },
    {
      "type": "Feature",
      "geometry": {
        "type": "Polygon",
        "coordinates": [
          [
            [
              -64.55899168985894,
              -9.6773306618942
            ],
            [
              -64.55899294054458,
              -9.677601903213123
            ],
            [
              -64.5587195738127,
              -9.677603144084337
            ],
            [
              -64.55872457604609,
              -9.678688109457385
            ],
            [
              -64.55845120840107,
              -9.678689350252872
            ],
            [
              -64.5584524588321,
              -9.678960591620465
            ],
            [
              -64.55790572299367,
              -9.67896307263
            ],
            [
              -64.55790447300089,
              -9.67869183119159
            ],
            [
              -64.55763110524573,
              -9.678693071334825
            ],
            [
              -64.55762860580849,
              -9.678150588373907
            ],
            [
              -64.55790197312541,
              -9.67814934830147
            ],
            [
              -64.55790072324274,
              -9.67787810684976
            ],
            [
              -64.55844745732827,
              -9.677875626123488
            ],
            [
              -64.5584462070441,
              -9.677604384738157
            ],
            [
              -64.55817284023877,
              -9.677605625174584
            ],
            [
              -64.55817159021042,
              -9.677334383749407
            ],
            [
              -64.55899168985894,
              -9.6773306618942
            ]
          ]
        ]
      },
      "properties": {
        "region": 57,
        "area_ha": 1.53,
        "longitude": -64.55829612746165,
        "latitude": -9.678187449196724,
        "mean_index_change": -0.13361434638500214,
        "mean_model_score": 0.6550171375274658,
        "status": "Needs review",
        "note": ""
      }
    },
    {
      "type": "Feature",
      "geometry": {
        "type": "Polygon",
        "coordinates": [
          [
            [
              -64.54887586193723,
              -9.677105185407447
            ],
            [
              -64.54887710448,
              -9.677376428037324
            ],
            [
              -64.54860373661283,
              -9.677377660829688
            ],
            [
              -64.54860870627233,
              -9.678462631445656
            ],
            [
              -64.54888207501588,
              -9.67846139851252
            ],
            [
              -64.54888456050277,
              -9.679003883723519
            ],
            [
              -64.54861119132096,
              -9.679005116727042
            ],
            [
              -64.5486099487784,
              -9.678733874088566
            ],
            [
              -64.54696973423636,
              -9.67874126733265
            ],
            [
              -64.546968493045,
              -9.678470024478706
            ],
            [
              -64.54724186200737,
              -9.678468792850078
            ],
            [
              -64.54723813799465,
              -9.677655064367126
            ],
            [
              -64.54751150626323,
              -9.677653832626566
            ],
            [
              -64.54751026477946,
              -9.677382589825212
            ],
            [
              -64.5483303687092,
              -9.677378893404658
            ],
            [
              -64.54832912660463,
              -9.6771076507044
            ],
            [
              -64.54887586193723,
              -9.677105185407447
            ]
          ],
          [
            [
              -64.5483340952418,
              -9.678192621478843
            ],
            [
              -64.54806072664438,
              -9.678193853941963
            ],
            [
              -64.54806196867575,
              -9.678465096659677
            ],
            [
              -64.54833533749228,
              -9.678463864161376
            ],
            [
              -64.5483340952418,
              -9.678192621478843
            ]
          ]
        ]
      },
      "properties": {
        "region": 56,
        "area_ha": 2.52,
        "longitude": -64.54801137854835,
        "latitude": -9.678077827118726,
        "mean_index_change": -0.4018404483795166,
        "mean_model_score": 0.9635698199272156,
        "status": "Needs review",
        "note": ""
      }
    },
    {
      "type": "Feature",
      "geometry": {
        "type": "Polygon",
        "coordinates": [
          [
            [
              -64.58604334209765,
              -9.674765602875025
            ],
            [
              -64.58604461413614,
              -9.675036840696295
            ],
            [
              -64.58631797519207,
              -9.675035578410823
            ],
            [
              -64.58631924748694,
              -9.675306816191611
            ],
            [
              -64.58659260872453,
              -9.675305553652764
            ],
            [
              -64.58659388127579,
              -9.675576791393066
            ],
            [
              -64.58686724269504,
              -9.675575528600834
            ],
            [
              -64.58686978834776,
              -9.676118003996008
            ],
            [
              -64.58659642649044,
              -9.676119266860352
            ],
            [
              -64.58659769915383,
              -9.676390504587337
            ],
            [
              -64.5868710612302,
              -9.676389241686936
            ],
            [
              -64.58687233415002,
              -9.676660479373428
            ],
            [
              -64.58714569640806,
              -9.67665921621961
            ],
            [
              -64.58714696958432,
              -9.676930453865596
            ],
            [
              -64.58687360710722,
              -9.676931717055476
            ],
            [
              -64.58688251885435,
              -9.678830380705506
            ],
            [
              -64.58660915480627,
              -9.67883164393041
            ],
            [
              -64.58661042784341,
              -9.679102881612993
            ],
            [
              -64.58633706353883,
              -9.679104144656538
            ],
            [
              -64.58633451794012,
              -9.67856166921483
            ],
            [
              -64.58606115403639,
              -9.67856293196887
            ],
            [
              -64.58605988151218,
              -9.67829169420531
            ],
            [
              -64.58578651779018,
              -9.678292956705908
            ],
            [
              -64.58578524552244,
              -9.67802171890187
            ],
            [
              -64.58469179113732,
              -9.678026766586191
            ],
            [
              -64.58469051978328,
              -9.677755528633627
            ],
            [
              -64.58441715631274,
              -9.67775678997522
            ],
            [
              -64.58441461415482,
              -9.677214313984756
            ],
            [
              -64.5846879771872,
              -9.677213052715176
            ],
            [
              -64.58468543474046,
              -9.67667057677897
            ],
            [
              -64.58441207214622,
              -9.676671837976537
            ],
            [
              -64.58441080119789,
              -9.676400599965767
            ],
            [
              -64.58413743878538,
              -9.676401860909973
            ],
            [
              -64.58413616809344,
              -9.676130622858764
            ],
            [
              -64.58468289244306,
              -9.676128100825004
            ],
            [
              -64.58468035029496,
              -9.675585624853284
            ],
            [
              -64.58522707361908,
              -9.67558310209419
            ],
            [
              -64.58522580216297,
              -9.675311864173702
            ],
            [
              -64.58577252489967,
              -9.675309340617318
            ],
            [
              -64.58576998122338,
              -9.674766864907141
            ],
            [
              -64.58604334209765,
              -9.674765602875025
            ]
          ]
        ]
      },
      "properties": {
        "region": 53,
        "area_ha": 8.55,
        "longitude": -64.58579846556164,
        "latitude": -9.676852454797311,
        "mean_index_change": -0.2574566602706909,
        "mean_model_score": 0.9428620338439941,
        "status": "Needs review",
        "note": ""
      }
    },
    {
      "type": "Feature",
      "geometry": {
        "type": "Polygon",
        "coordinates": [
          [
            [
              -64.54232369008294,
              -9.6790334157972
            ],
            [
              -64.54232864045674,
              -9.68011838953777
            ],
            [
              -64.54205526952452,
              -9.680119617463117
            ],
            [
              -64.54205403209572,
              -9.679848373999578
            ],
            [
              -64.54150729056063,
              -9.679850829127835
            ],
            [
              -64.54150605360647,
              -9.679579585589792
            ],
            [
              -64.54095931236441,
              -9.679582039778195
            ],
            [
              -64.54095683944158,
              -9.679039552548721
            ],
            [
              -64.54123020964248,
              -9.679038325633284
            ],
            [
              -64.54123144630488,
              -9.679309569215215
            ],
            [
              -64.5415048166886,
              -9.679308342047317
            ],
            [
              -64.54150357980707,
              -9.679037098500412
            ],
            [
              -64.54232369008294,
              -9.6790334157972
            ]
          ]
        ]
      },
      "properties": {
        "region": 61,
        "area_ha": 1.17,
        "longitude": -64.54176838651615,
        "latitude": -9.67946364851336,
        "mean_index_change": -0.15432335436344147,
        "mean_model_score": 0.8746811747550964,
        "status": "Needs review",
        "note": ""
      }
    },
    {
      "type": "Feature",
      "geometry": {
        "type": "Polygon",
        "coordinates": [
          [
            [
              -64.52756533247651,
              -9.679913141008907
            ],
            [
              -64.52756655828985,
              -9.680184386320956
            ],
            [
              -64.52783993113864,
              -9.680183169921065
            ],
            [
              -64.52784238331164,
              -9.680725660462434
            ],
            [
              -64.52811575656276,
              -9.680724443775636
            ],
            [
              -64.52811820931811,
              -9.681266934229845
            ],
            [
              -64.5278448356286,
              -9.681268150986089
            ],
            [
              -64.52784606184107,
              -9.681539396241268
            ],
            [
              -64.52757268789637,
              -9.68154061281474
            ],
            [
              -64.5275714619031,
              -9.681269367524841
            ],
            [
              -64.52702471434412,
              -9.68127179994988
            ],
            [
              -64.52702348882521,
              -9.681000554586138
            ],
            [
              -64.52675011521094,
              -9.681001770437724
            ],
            [
              -64.52674888994719,
              -9.680730525034853
            ],
            [
              -64.52620214304912,
              -9.680732956016195
            ],
            [
              -64.5261996935062,
              -9.680190465058418
            ],
            [
              -64.52701981248431,
              -9.680186818468338
            ],
            [
              -64.5270185871093,
              -9.679915573086877
            ],
            [
              -64.52756533247651,
              -9.679913141008907
            ]
          ]
        ]
      },
      "properties": {
        "region": 62,
        "area_ha": 2.16,
        "longitude": -64.52724976806657,
        "latitude": -9.680660484535593,
        "mean_index_change": -0.40418878197669983,
        "mean_model_score": 0.8637323379516602,
        "status": "Needs review",
        "note": ""
      }
    },
    {
      "type": "Feature",
      "geometry": {
        "type": "Polygon",
        "coordinates": [
          [
            [
              -64.54070077964516,
              -9.682838189970948
            ],
            [
              -64.54070201637745,
              -9.683109433560865
            ],
            [
              -64.54097538990239,
              -9.683108206337645
            ],
            [
              -64.5409766268902,
              -9.683379449888113
            ],
            [
              -64.54152337426963,
              -9.683376994719048
            ],
            [
              -64.54152461173224,
              -9.683648238195037
            ],
            [
              -64.54125123784144,
              -9.68364946592336
            ],
            [
              -64.54125247512113,
              -9.68392070942994
            ],
            [
              -64.54097910097475,
              -9.683921936975747
            ],
            [
              -64.54097786391434,
              -9.683650693434148
            ],
            [
              -64.54043111595121,
              -9.683653147803101
            ],
            [
              -64.54043235257315,
              -9.683924391414726
            ],
            [
              -64.54015897831789,
              -9.683925618307896
            ],
            [
              -64.54015526921867,
              -9.683111887354716
            ],
            [
              -64.5404286428162,
              -9.683110660566554
            ],
            [
              -64.54042740630314,
              -9.682839416941627
            ],
            [
              -64.54070077964516,
              -9.682838189970948
            ]
          ]
        ]
      },
      "properties": {
        "region": 64,
        "area_ha": 0.99,
        "longitude": -64.5407159603172,
        "latitude": -9.683442267635048,
        "mean_index_change": -0.3421569764614105,
        "mean_model_score": 0.898105800151825,
        "status": "Needs review",
        "note": ""
      }
    },
    {
      "type": "Feature",
      "geometry": {
        "type": "Polygon",
        "coordinates": [
          [
            [
              -64.52129484615263,
              -9.683738502509172
            ],
            [
              -64.52129728873712,
              -9.684280994598346
            ],
            [
              -64.52102391173811,
              -9.684282206297544
            ],
            [
              -64.52102513286485,
              -9.684553452370054
            ],
            [
              -64.52157188726555,
              -9.68455102868495
            ],
            [
              -64.52157555217649,
              -9.68536476666847
            ],
            [
              -64.52075541854813,
              -9.685368402180885
            ],
            [
              -64.52075175561075,
              -9.684554663886253
            ],
            [
              -64.52047837832082,
              -9.684555875184886
            ],
            [
              -64.52047471636368,
              -9.683742136746714
            ],
            [
              -64.52129484615263,
              -9.683738502509172
            ]
          ]
        ]
      },
      "properties": {
        "region": 65,
        "area_ha": 1.53,
        "longitude": -64.52101712827374,
        "latitude": -9.684561465831608,
        "mean_index_change": -0.286760151386261,
        "mean_model_score": 0.8706055283546448,
        "status": "Needs review",
        "note": ""
      }
    },
    {
      "type": "Feature",
      "geometry": {
        "type": "Polygon",
        "coordinates": [
          [
            [
              -64.54071438569677,
              -9.685821869216179
            ],
            [
              -64.54071685999624,
              -9.686364356294034
            ],
            [
              -64.54017010757501,
              -9.686366810928018
            ],
            [
              -64.54016887084573,
              -9.686095567321297
            ],
            [
              -64.53962211871797,
              -9.686098021014892
            ],
            [
              -64.53962335500863,
              -9.686369264691601
            ],
            [
              -64.53907660229716,
              -9.686371717584775
            ],
            [
              -64.53907907411003,
              -9.686914205064818
            ],
            [
              -64.53880569726127,
              -9.686915431254945
            ],
            [
              -64.53880199025427,
              -9.686101699923318
            ],
            [
              -64.5390753664451,
              -9.686100473838106
            ],
            [
              -64.5390741306293,
              -9.685829230087002
            ],
            [
              -64.54071438569677,
              -9.685821869216179
            ]
          ]
        ]
      },
      "properties": {
        "region": 66,
        "area_ha": 1.17,
        "longitude": -64.53967502389952,
        "latitude": -9.686170812262985,
        "mean_index_change": -0.3143702745437622,
        "mean_model_score": 0.7810401320457458,
        "status": "Needs review",
        "note": ""
      }
    },
    {
      "type": "Feature",
      "geometry": {
        "type": "Polygon",
        "coordinates": [
          [
            [
              -64.54017010757501,
              -9.686366810928018
            ],
            [
              -64.54017258114241,
              -9.686909298128162
            ],
            [
              -64.53962582769877,
              -9.686911752031719
            ],
            [
              -64.53962335500863,
              -9.686369264691601
            ],
            [
              -64.54017010757501,
              -9.686366810928018
            ]
          ]
        ]
      },
      "properties": {
        "region": 68,
        "area_ha": 0.36,
        "longitude": -64.5398979678562,
        "latitude": -9.686639281555898,
        "mean_index_change": -0.40345877408981323,
        "mean_model_score": 0.8461712598800659,
        "status": "Needs review",
        "note": ""
      }
    },
    {
      "type": "Feature",
      "geometry": {
        "type": "Polygon",
        "coordinates": [
          [
            [
              -64.59263082292728,
              -9.680431224021808
            ],
            [
              -64.59263210101,
              -9.680702460883069
            ],
            [
              -64.59290546576806,
              -9.680701192621823
            ],
            [
              -64.59290802248438,
              -9.681243666258625
            ],
            [
              -64.59318138764324,
              -9.681242397707528
            ],
            [
              -64.59318266627686,
              -9.681513634483066
            ],
            [
              -64.59345603161736,
              -9.6815123656783
            ],
            [
              -64.59345731050767,
              -9.68178360241319
            ],
            [
              -64.59373067602982,
              -9.681782333354743
            ],
            [
              -64.59373195517685,
              -9.682053570048975
            ],
            [
              -64.59400532088063,
              -9.682052300736839
            ],
            [
              -64.5940066002844,
              -9.682323537390412
            ],
            [
              -64.5942799661698,
              -9.682322267824565
            ],
            [
              -64.59428380526404,
              -9.683135977649945
            ],
            [
              -64.59483053823735,
              -9.683133437648388
            ],
            [
              -64.59483309869815,
              -9.68367591069815
            ],
            [
              -64.59510646556689,
              -9.683674640298632
            ],
            [
              -64.59510774607287,
              -9.683945876780603
            ],
            [
              -64.59538111312325,
              -9.683944606127316
            ],
            [
              -64.59538239388606,
              -9.684215842568594
            ],
            [
              -64.59483565930927,
              -9.684218383730139
            ],
            [
              -64.59483693967117,
              -9.684489620239463
            ],
            [
              -64.59456357210718,
              -9.68449089053018
            ],
            [
              -64.59456485228742,
              -9.684762127071298
            ],
            [
              -64.59483822007066,
              -9.684760856744347
            ],
            [
              -64.59484078098235,
              -9.685303329740773
            ],
            [
              -64.59511414916652,
              -9.68530205912379
            ],
            [
              -64.59511799147367,
              -9.68611576847636
            ],
            [
              -64.59539136027807,
              -9.686114497533072
            ],
            [
              -64.59539392244264,
              -9.68665697034006
            ],
            [
              -64.59566729164801,
              -9.686655699106685
            ],
            [
              -64.59566985440154,
              -9.687198171823376
            ],
            [
              -64.5962165935767,
              -9.687195628558806
            ],
            [
              -64.59621915735784,
              -9.687738101112648
            ],
            [
              -64.59649252732763,
              -9.687736829081416
            ],
            [
              -64.59649637393937,
              -9.688550537770006
            ],
            [
              -64.5962230033116,
              -9.688551809910063
            ],
            [
              -64.59622428537139,
              -9.688823046166975
            ],
            [
              -64.59567754356434,
              -9.688825589866742
            ],
            [
              -64.59567626194323,
              -9.688554353537297
            ],
            [
              -64.59540289120262,
              -9.688555625024469
            ],
            [
              -64.59540032851184,
              -9.688013152279726
            ],
            [
              -64.59512695817233,
              -9.688014423476769
            ],
            [
              -64.59512567710264,
              -9.687743187061475
            ],
            [
              -64.59485230694486,
              -9.687744458004657
            ],
            [
              -64.59484974535684,
              -9.687201985088246
            ],
            [
              -64.59457637560011,
              -9.687203255741341
            ],
            [
              -64.59457509508177,
              -9.68693201924023
            ],
            [
              -64.59430172550678,
              -9.686933289639493
            ],
            [
              -64.59429916502138,
              -9.68639081655147
            ],
            [
              -64.5940257958474,
              -9.686392086660689
            ],
            [
              -64.59402451588034,
              -9.68612085007378
            ],
            [
              -64.5937511468881,
              -9.686122119929204
            ],
            [
              -64.59374858750515,
              -9.68557964666962
            ],
            [
              -64.59347521891391,
              -9.685580916235041
            ],
            [
              -64.59347393949801,
              -9.685309679562366
            ],
            [
              -64.59292720264145,
              -9.685312217968114
            ],
            [
              -64.59292464479931,
              -9.68476974446462
            ],
            [
              -64.59265127675323,
              -9.68477101326877
            ],
            [
              -64.5926487194997,
              -9.684228539675114
            ],
            [
              -64.59237535185459,
              -9.684229808189345
            ],
            [
              -64.59237279518959,
              -9.683687334505535
            ],
            [
              -64.59209942794543,
              -9.683688602729873
            ],
            [
              -64.59209814988841,
              -9.683417365845118
            ],
            [
              -64.59182478282597,
              -9.683418633815762
            ],
            [
              -64.59182350502569,
              -9.683147396890392
            ],
            [
              -64.59155013814494,
              -9.683148664607353
            ],
            [
              -64.59154886060136,
              -9.682877427641367
            ],
            [
              -64.59127549390233,
              -9.68287869510466
            ],
            [
              -64.59127293936605,
              -9.682336221087038
            ],
            [
              -64.59099957306792,
              -9.682337488260517
            ],
            [
              -64.59099829607521,
              -9.682066251208882
            ],
            [
              -64.59072492995878,
              -9.682067518128726
            ],
            [
              -64.59072237652416,
              -9.681525043939832
            ],
            [
              -64.59044901080861,
              -9.681526310569902
            ],
            [
              -64.59044773436669,
              -9.681255073432645
            ],
            [
              -64.59017436883285,
              -9.681256339809106
            ],
            [
              -64.59017181649972,
              -9.680713865448999
            ],
            [
              -64.5923587362144,
              -9.680703728926865
            ],
            [
              -64.59235745835083,
              -9.68043249202942
            ],
            [
              -64.59263082292728,
              -9.680431224021808
            ]
          ]
        ]
      },
      "properties": {
        "region": 63,
        "area_ha": 20.25,
        "longitude": -64.59345709922349,
        "latitude": -9.683928831404234,
        "mean_index_change": -0.38718730211257935,
        "mean_model_score": 0.9534058570861816,
        "status": "Needs review",
        "note": ""
      }
    },
    {
      "type": "Feature",
      "geometry": {
        "type": "Polygon",
        "coordinates": [
          [
            [
              -64.53962953700605,
              -9.687725483008633
            ],
            [
              -64.53963201005895,
              -9.688267970304402
            ],
            [
              -64.53990538789559,
              -9.688266743286476
            ],
            [
              -64.53990662469582,
              -9.688537986892717
            ],
            [
              -64.54045338069896,
              -9.688535532133931
            ],
            [
              -64.54045461797419,
              -9.688806775665734
            ],
            [
              -64.54018123977139,
              -9.688808003188955
            ],
            [
              -64.54018247686354,
              -9.68907924675133
            ],
            [
              -64.5404558552857,
              -9.689078019193106
            ],
            [
              -64.54045709263352,
              -9.68934926271604
            ],
            [
              -64.540183713992,
              -9.689350490309266
            ],
            [
              -64.5401849511567,
              -9.689621733862767
            ],
            [
              -64.5399115722595,
              -9.689622961273324
            ],
            [
              -64.53990909840509,
              -9.689080474091893
            ],
            [
              -64.53963571991036,
              -9.689081701214791
            ],
            [
              -64.53963695660005,
              -9.689352944842714
            ],
            [
              -64.53881682024009,
              -9.68935662501036
            ],
            [
              -64.53881558420852,
              -9.689085381277497
            ],
            [
              -64.53908896281207,
              -9.689084154807592
            ],
            [
              -64.5390877265974,
              -9.688812911105266
            ],
            [
              -64.53881434821322,
              -9.6888141375402
            ],
            [
              -64.53881311225418,
              -9.688542893798468
            ],
            [
              -64.53935986854754,
              -9.688540440780898
            ],
            [
              -64.53935863218602,
              -9.688269197104681
            ],
            [
              -64.53908525427684,
              -9.688270423687316
            ],
            [
              -64.53908278210132,
              -9.687727936251619
            ],
            [
              -64.53962953700605,
              -9.687725483008633
            ]
          ],
          [
            [
              -64.53963324663981,
              -9.688539213945633
            ],
            [
              -64.53935986854754,
              -9.688540440780898
            ],
            [
              -64.5393611049453,
              -9.688811684452677
            ],
            [
              -64.53963448325695,
              -9.688810457582425
            ],
            [
              -64.53963324663981,
              -9.688539213945633
            ]
          ]
        ]
      },
      "properties": {
        "region": 69,
        "area_ha": 1.89,
        "longitude": -64.53960161434917,
        "latitude": -9.688739563649055,
        "mean_index_change": -0.4990704357624054,
        "mean_model_score": 0.8790351152420044,
        "status": "Needs review",
        "note": ""
      }
    },
    {
      "type": "Feature",
      "geometry": {
        "type": "Polygon",
        "coordinates": [
          [
            [
              -64.5429174987733,
              -9.689338204581858
            ],
            [
              -64.54291997752674,
              -9.6898806909838
            ],
            [
              -64.5431933562438,
              -9.689879461143747
            ],
            [
              -64.54319459589443,
              -9.690150704302996
            ],
            [
              -64.54346797479454,
              -9.69014947421019
            ],
            [
              -64.54347169462284,
              -9.690963203556098
            ],
            [
              -64.54237817617144,
              -9.690968123041946
            ],
            [
              -64.54237941530927,
              -9.691239366288626
            ],
            [
              -64.54210603538613,
              -9.69124059565087
            ],
            [
              -64.54210355758566,
              -9.690698109082978
            ],
            [
              -64.54183017806503,
              -9.690699338157428
            ],
            [
              -64.54183265542666,
              -9.691241824795398
            ],
            [
              -64.54155927543086,
              -9.691243053722218
            ],
            [
              -64.54155679850805,
              -9.690700567014176
            ],
            [
              -64.54073665961924,
              -9.690704252278222
            ],
            [
              -64.54073542187054,
              -9.690433008812477
            ],
            [
              -64.54128218072725,
              -9.690430552257519
            ],
            [
              -64.54127970446116,
              -9.689888065452799
            ],
            [
              -64.54155308339624,
              -9.689886836918836
            ],
            [
              -64.54155060683665,
              -9.68934435016643
            ],
            [
              -64.54209736372032,
              -9.689341892585608
            ],
            [
              -64.54209860242072,
              -9.689613135893953
            ],
            [
              -64.54264535959781,
              -9.68961067737236
            ],
            [
              -64.54264412045865,
              -9.689339434134109
            ],
            [
              -64.5429174987733,
              -9.689338204581858
            ]
          ],
          [
            [
              -64.54319459589443,
              -9.690150704302996
            ],
            [
              -64.54210107993053,
              -9.690155622497338
            ],
            [
              -64.54210231873992,
              -9.690426865792375
            ],
            [
              -64.54264907723338,
              -9.690424407060476
            ],
            [
              -64.54265031651792,
              -9.690695650280981
            ],
            [
              -64.54319707530482,
              -9.690693190608181
            ],
            [
              -64.54319459589443,
              -9.690150704302996
            ]
          ]
        ]
      },
      "properties": {
        "region": 70,
        "area_ha": 3.15,
        "longitude": -64.54218371308106,
        "latitude": -9.690290875396396,
        "mean_index_change": -0.3137553036212921,
        "mean_model_score": 0.8494043350219727,
        "status": "Needs review",
        "note": ""
      }
    },
    {
      "type": "Feature",
      "geometry": {
        "type": "Polygon",
        "coordinates": [
          [
            [
              -64.57762104333301,
              -9.68592541753445
            ],
            [
              -64.57762357691554,
              -9.686467895037048
            ],
            [
              -64.57789694833141,
              -9.686466637982889
            ],
            [
              -64.57789948250122,
              -9.687009115396009
            ],
            [
              -64.57817285431852,
              -9.687007858052544
            ],
            [
              -64.5781741216785,
              -9.687279096716582
            ],
            [
              -64.57872086564016,
              -9.687276581305111
            ],
            [
              -64.57872340134895,
              -9.68781905847638
            ],
            [
              -64.57899677371263,
              -9.68781780037248
            ],
            [
              -64.57899423756521,
              -9.687275323272965
            ],
            [
              -64.5795409813037,
              -9.687272806555855
            ],
            [
              -64.57953971284716,
              -9.68700156807121
            ],
            [
              -64.57981308444127,
              -9.687000309422142
            ],
            [
              -64.57981181580266,
              -9.68672907096895
            ],
            [
              -64.58063192970371,
              -9.686725293823873
            ],
            [
              -64.58063066044443,
              -9.686454055473968
            ],
            [
              -64.58117740242037,
              -9.68645153636113
            ],
            [
              -64.58117867211824,
              -9.68672277463919
            ],
            [
              -64.58145204326964,
              -9.686721514720455
            ],
            [
              -64.58145077335246,
              -9.68645027647833
            ],
            [
              -64.58172414424729,
              -9.686449016377948
            ],
            [
              -64.58172541438377,
              -9.686720254584133
            ],
            [
              -64.58199878546063,
              -9.686718994230219
            ],
            [
              -64.58200005585367,
              -9.686990232396012
            ],
            [
              -64.58145331322407,
              -9.68699275295814
            ],
            [
              -64.58145712331093,
              -9.687806467644528
            ],
            [
              -64.5811837512823,
              -9.687807727706994
            ],
            [
              -64.5811824814354,
              -9.687536489446709
            ],
            [
              -64.58090910958883,
              -9.68753774925563
            ],
            [
              -64.5809103792164,
              -9.687808987551843
            ],
            [
              -64.5803636349729,
              -9.68781150658869
            ],
            [
              -64.58036617346245,
              -9.688353983311465
            ],
            [
              -64.58009280084617,
              -9.688355242575277
            ],
            [
              -64.58009406992747,
              -9.688626480965906
            ],
            [
              -64.57872720519109,
              -9.688632774199966
            ],
            [
              -64.57872847321286,
              -9.68890401276561
            ],
            [
              -64.5781817266192,
              -9.688906528607507
            ],
            [
              -64.57818299423947,
              -9.689177767240444
            ],
            [
              -64.57790962066748,
              -9.689179024870787
            ],
            [
              -64.57791088810556,
              -9.68945026353514
            ],
            [
              -64.57763751427707,
              -9.689451520983688
            ],
            [
              -64.57763878153295,
              -9.68972275967945
            ],
            [
              -64.57736540744791,
              -9.689724016946185
            ],
            [
              -64.57736920878044,
              -9.690537733114361
            ],
            [
              -64.5770958340001,
              -9.690538990270959
            ],
            [
              -64.57709710096589,
              -9.69081022902064
            ],
            [
              -64.57682372592897,
              -9.69081148599539
            ],
            [
              -64.57682625953319,
              -9.691353963553086
            ],
            [
              -64.57655288402033,
              -9.691355220381807
            ],
            [
              -64.57655161741906,
              -9.69108398156935
            ],
            [
              -64.57627824208845,
              -9.691085238144543
            ],
            [
              -64.57627950847032,
              -9.691356476992826
            ],
            [
              -64.57545938159748,
              -9.691360245519677
            ],
            [
              -64.57545685018731,
              -9.69081776760381
            ],
            [
              -64.57491009963074,
              -9.690820278723356
            ],
            [
              -64.5749075692466,
              -9.690277800646538
            ],
            [
              -64.57463419435146,
              -9.690279055808206
            ],
            [
              -64.5746303997117,
              -9.689465338552294
            ],
            [
              -64.57435702543758,
              -9.689466593388948
            ],
            [
              -64.57435449630195,
              -9.688924115124571
            ],
            [
              -64.57599473875774,
              -9.688916583269316
            ],
            [
              -64.57599347292947,
              -9.688645344345229
            ],
            [
              -64.57654021967905,
              -9.688642832057285
            ],
            [
              -64.57653895344922,
              -9.688371593200397
            ],
            [
              -64.57681232654896,
              -9.688370336765797
            ],
            [
              -64.57680979376205,
              -9.68782785911035
            ],
            [
              -64.576536421101,
              -9.687829115473294
            ],
            [
              -64.57653388890132,
              -9.687286637728416
            ],
            [
              -64.57626051664177,
              -9.687287893802097
            ],
            [
              -64.5762579850293,
              -9.686745415967808
            ],
            [
              -64.57598461317122,
              -9.686746671752246
            ],
            [
              -64.57598587873957,
              -9.68701791070743
            ],
            [
              -64.5754391344734,
              -9.687020421695133
            ],
            [
              -64.57543660425102,
              -9.686477943637101
            ],
            [
              -64.57625671927877,
              -9.686474177044001
            ],
            [
              -64.57625545356538,
              -9.686202938115752
            ],
            [
              -64.57652882494774,
              -9.68620168218536
            ],
            [
              -64.5765275590522,
              -9.685930443288495
            ],
            [
              -64.57762104333301,
              -9.68592541753445
            ]
          ]
        ]
      },
      "properties": {
        "region": 67,
        "area_ha": 19.53,
        "longitude": -64.57753396427007,
        "latitude": -9.688455142272067,
        "mean_index_change": -0.3265480399131775,
        "mean_model_score": 0.9237831234931946,
        "status": "Needs review",
        "note": ""
      }
    },
    {
      "type": "Feature",
      "geometry": {
        "type": "Polygon",
        "coordinates": [
          [
            [
              -64.57874115547638,
              -9.69161639817763
            ],
            [
              -64.57874242390731,
              -9.691887636694387
            ],
            [
              -64.57901579956162,
              -9.691886378052308
            ],
            [
              -64.57901833697395,
              -9.692428855000735
            ],
            [
              -64.57874496088078,
              -9.692430113714574
            ],
            [
              -64.57874369237545,
              -9.692158875206704
            ],
            [
              -64.57847031646453,
              -9.692160133666945
            ],
            [
              -64.57846904821581,
              -9.691888895118757
            ],
            [
              -64.57819567248713,
              -9.691890153325415
            ],
            [
              -64.57819440449504,
              -9.691618914736916
            ],
            [
              -64.57874115547638,
              -9.69161639817763
            ]
          ]
        ]
      },
      "properties": {
        "region": 72,
        "area_ha": 0.45,
        "longitude": -64.57866079172055,
        "latitude": -9.691969385801949,
        "mean_index_change": -0.224543958902359,
        "mean_model_score": 0.857069194316864,
        "status": "Needs review",
        "note": ""
      }
    },
    {
      "type": "Feature",
      "geometry": {
        "type": "Polygon",
        "coordinates": [
          [
            [
              -64.57956508904864,
              -9.692426336919882
            ],
            [
              -64.57956762748755,
              -9.692968813706974
            ],
            [
              -64.57984100390796,
              -9.692967554268167
            ],
            [
              -64.57984227340269,
              -9.693238792619146
            ],
            [
              -64.58011565000533,
              -9.693237532926696
            ],
            [
              -64.58011818954537,
              -9.693780009543515
            ],
            [
              -64.57984481250382,
              -9.69378126930777
            ],
            [
              -64.57984354293464,
              -9.693510030965678
            ],
            [
              -64.57929678917878,
              -9.693512549769139
            ],
            [
              -64.57929425102992,
              -9.692970072928047
            ],
            [
              -64.57902087453508,
              -9.69297133193138
            ],
            [
              -64.57901833697395,
              -9.692428855000735
            ],
            [
              -64.57956508904864,
              -9.692426336919882
            ]
          ]
        ]
      },
      "properties": {
        "region": 73,
        "area_ha": 0.9,
        "longitude": -64.57954079754032,
        "latitude": -9.693077434995601,
        "mean_index_change": -0.3107946515083313,
        "mean_model_score": 0.862769603729248,
        "status": "Needs review",
        "note": ""
      }
    },
    {
      "type": "Feature",
      "geometry": {
        "type": "Polygon",
        "coordinates": [
          [
            [
              -64.57957143542504,
              -9.693782528854273
            ],
            [
              -64.57957270481197,
              -9.694053767227814
            ],
            [
              -64.57929932747649,
              -9.694055026592451
            ],
            [
              -64.57930059668116,
              -9.69432626499744
            ],
            [
              -64.57875384145964,
              -9.694328783145197
            ],
            [
              -64.57875257269393,
              -9.694057544668444
            ],
            [
              -64.57902595010381,
              -9.69405628573933
            ],
            [
              -64.57902468115581,
              -9.69378504729401
            ],
            [
              -64.57957143542504,
              -9.693782528854273
            ]
          ]
        ]
      },
      "properties": {
        "region": 76,
        "area_ha": 0.36,
        "longitude": -64.5791626387948,
        "latitude": -9.694055656193111,
        "mean_index_change": -0.1458100974559784,
        "mean_model_score": 0.6065893173217773,
        "status": "Needs review",
        "note": ""
      }
    },
    {
      "type": "Feature",
      "geometry": {
        "type": "Polygon",
        "coordinates": [
          [
            [
              -64.53117942073534,
              -9.693188304240484
            ],
            [
              -64.53118311213397,
              -9.694002038156318
            ],
            [
              -64.53172987923013,
              -9.693999595935272
            ],
            [
              -64.53173357227048,
              -9.694813329602363
            ],
            [
              -64.53118680385731,
              -9.694815772032225
            ],
            [
              -64.53118434267235,
              -9.694273282786057
            ],
            [
              -64.53036419109904,
              -9.694276944588633
            ],
            [
              -64.53036050156757,
              -9.693463210373027
            ],
            [
              -64.53063388480295,
              -9.693461990094294
            ],
            [
              -64.53063265481177,
              -9.69319074538167
            ],
            [
              -64.53117942073534,
              -9.693188304240484
            ]
          ]
        ]
      },
      "properties": {
        "region": 74,
        "area_ha": 1.53,
        "longitude": -64.5310303027608,
        "latitude": -9.693994742602042,
        "mean_index_change": -0.30470022559165955,
        "mean_model_score": 0.8048758506774902,
        "status": "Needs review",
        "note": ""
      }
    },
    {
      "type": "Feature",
      "geometry": {
        "type": "Polygon",
        "coordinates": [
          [
            [
              -64.56725809452327,
              -9.691397823025298
            ],
            [
              -64.5672606129167,
              -9.691940303065888
            ],
            [
              -64.56753399012774,
              -9.691939053567843
            ],
            [
              -64.56753650910777,
              -9.692481533519434
            ],
            [
              -64.56780988672077,
              -9.69248028373242
            ],
            [
              -64.56781240628742,
              -9.693022763594985
            ],
            [
              -64.56808578430237,
              -9.693021513518978
            ],
            [
              -64.5680883044557,
              -9.69356399329251
            ],
            [
              -64.56781492600183,
              -9.693565243439778
            ],
            [
              -64.56781366612616,
              -9.693294003519604
            ],
            [
              -64.5675402878548,
              -9.693295253413488
            ],
            [
              -64.56754280720416,
              -9.693837733320649
            ],
            [
              -64.56781618591444,
              -9.693836483355511
            ],
            [
              -64.56781744586401,
              -9.694107723266798
            ],
            [
              -64.56809082475682,
              -9.69410647304827
            ],
            [
              -64.56808956458778,
              -9.693835233172614
            ],
            [
              -64.56836294322417,
              -9.693833982771954
            ],
            [
              -64.56836168287262,
              -9.69356274292749
            ],
            [
              -64.5689084395956,
              -9.69356024154418
            ],
            [
              -64.568912222078,
              -9.69437396085036
            ],
            [
              -64.56918560104248,
              -9.694372709725107
            ],
            [
              -64.56918686216335,
              -9.694643949449292
            ],
            [
              -64.56973362042035,
              -9.694641446474135
            ],
            [
              -64.56973740532187,
              -9.695455165406026
            ],
            [
              -64.56919064574787,
              -9.695457668595177
            ],
            [
              -64.56918938451606,
              -9.695186428884327
            ],
            [
              -64.56864262523318,
              -9.695188931130982
            ],
            [
              -64.56864010375847,
              -9.694646451553332
            ],
            [
              -64.56836672450058,
              -9.694647702278685
            ],
            [
              -64.56836546403817,
              -9.694376462447549
            ],
            [
              -64.56754532670126,
              -9.694380213210032
            ],
            [
              -64.56754658650522,
              -9.69465145314806
            ],
            [
              -64.5659063095174,
              -9.694658949006744
            ],
            [
              -64.5659050510304,
              -9.694387708855094
            ],
            [
              -64.56563167162274,
              -9.694388957367059
            ],
            [
              -64.56562412279231,
              -9.692761516150384
            ],
            [
              -64.56589750088315,
              -9.692760267851904
            ],
            [
              -64.56589624265442,
              -9.692489027669158
            ],
            [
              -64.5661696204889,
              -9.692487779188532
            ],
            [
              -64.56616710370326,
              -9.691945298880887
            ],
            [
              -64.5667138583838,
              -9.691942801408821
            ],
            [
              -64.56671259960747,
              -9.69167156131953
            ],
            [
              -64.56698597667295,
              -9.691670312292532
            ],
            [
              -64.56698471771412,
              -9.691399072234402
            ],
            [
              -64.56725809452327,
              -9.691397823025298
            ]
          ]
        ]
      },
      "properties": {
        "region": 71,
        "area_ha": 8.64,
        "longitude": -64.56725112218162,
        "latitude": -9.69357629743053,
        "mean_index_change": -0.13035137951374054,
        "mean_model_score": 0.8533704280853271,
        "status": "Needs review",
        "note": ""
      }
    },
    {
      "type": "Feature",
      "geometry": {
        "type": "Polygon",
        "coordinates": [
          [
            [
              -64.53255372461953,
              -9.694809664324083
            ],
            [
              -64.53255495636371,
              -9.695080908766453
            ],
            [
              -64.53282834062736,
              -9.695079686536602
            ],
            [
              -64.53282957262718,
              -9.695350930939703
            ],
            [
              -64.53310295707423,
              -9.69534970845721
            ],
            [
              -64.53310542162127,
              -9.695892197180425
            ],
            [
              -64.53283203673516,
              -9.695893419732593
            ],
            [
              -64.53283326884332,
              -9.696164664122385
            ],
            [
              -64.53255988370155,
              -9.696165886491562
            ],
            [
              -64.5325611156263,
              -9.696437130911747
            ],
            [
              -64.53228773022886,
              -9.69643835309792
            ],
            [
              -64.53228157206395,
              -9.695082130778506
            ],
            [
              -64.53173480335612,
              -9.69508457414919
            ],
            [
              -64.53173357227048,
              -9.694813329602363
            ],
            [
              -64.53255372461953,
              -9.694809664324083
            ]
          ]
        ]
      },
      "properties": {
        "region": 77,
        "area_ha": 1.26,
        "longitude": -64.53251792507255,
        "latitude": -9.695526699221084,
        "mean_index_change": -0.24185113608837128,
        "mean_model_score": 0.751187801361084,
        "status": "Needs review",
        "note": ""
      }
    },
    {
      "type": "Feature",
      "geometry": {
        "type": "Polygon",
        "coordinates": [
          [
            [
              -64.5659138612143,
              -9.696286389823316
            ],
            [
              -64.56591637874178,
              -9.696828870059957
            ],
            [
              -64.56536961593828,
              -9.696831367506533
            ],
            [
              -64.56536709928896,
              -9.696288887127576
            ],
            [
              -64.5659138612143,
              -9.696286389823316
            ]
          ]
        ]
      },
      "properties": {
        "region": 80,
        "area_ha": 0.36,
        "longitude": -64.56564173879582,
        "latitude": -9.696558878740479,
        "mean_index_change": -0.14481352269649506,
        "mean_model_score": 0.7726752161979675,
        "status": "Needs review",
        "note": ""
      }
    },
    {
      "type": "Feature",
      "geometry": {
        "type": "Polygon",
        "coordinates": [
          [
            [
              -64.56672770735983,
              -9.694926442097834
            ],
            [
              -64.56672896657915,
              -9.695197682133815
            ],
            [
              -64.56727572637925,
              -9.695195182936253
            ],
            [
              -64.56727824580668,
              -9.695737662852437
            ],
            [
              -64.56782500633713,
              -9.695735162641217
            ],
            [
              -64.56782752679037,
              -9.696277642397138
            ],
            [
              -64.56837428805116,
              -9.696275141172158
            ],
            [
              -64.56837554877225,
              -9.696546380972185
            ],
            [
              -64.56864892956676,
              -9.696545129997327
            ],
            [
              -64.56865145155892,
              -9.697087609512753
            ],
            [
              -64.56783130774731,
              -9.69709136199769
            ],
            [
              -64.5678300473914,
              -9.696820122135282
            ],
            [
              -64.5672832851047,
              -9.696822622631483
            ],
            [
              -64.5672820252248,
              -9.69655138269339
            ],
            [
              -64.56700864424559,
              -9.696552632579131
            ],
            [
              -64.56700738462214,
              -9.696281392600982
            ],
            [
              -64.56618724212163,
              -9.69628514084446
            ],
            [
              -64.56618094785105,
              -9.69492894035303
            ],
            [
              -64.56672770735983,
              -9.694926442097834
            ]
          ]
        ]
      },
      "properties": {
        "region": 78,
        "area_ha": 3.15,
        "longitude": -64.56725243747407,
        "latitude": -9.696067150642044,
        "mean_index_change": -0.08052919805049896,
        "mean_model_score": 0.7662814259529114,
        "status": "Needs review",
        "note": ""
      }
    },
    {
      "type": "Feature",
      "geometry": {
        "type": "Polygon",
        "coordinates": [
          [
            [
              -64.58313551350865,
              -9.695936040891434
            ],
            [
              -64.58313805862286,
              -9.696478516628602
            ],
            [
              -64.58341143741221,
              -9.696477253891503
            ],
            [
              -64.58341398311471,
              -9.697019729538923
            ],
            [
              -64.58368736230581,
              -9.697018466512036
            ],
            [
              -64.58368863543257,
              -9.697289704293087
            ],
            [
              -64.5828684970887,
              -9.697293492828196
            ],
            [
              -64.58286595218975,
              -9.696751017045766
            ],
            [
              -64.5823191939855,
              -9.696753541502813
            ],
            [
              -64.58231792203104,
              -9.696482303533003
            ],
            [
              -64.58259130093226,
              -9.696481041449351
            ],
            [
              -64.58258875669615,
              -9.695938565568303
            ],
            [
              -64.58313551350865,
              -9.695936040891434
            ]
          ]
        ]
      },
      "properties": {
        "region": 79,
        "area_ha": 1.17,
        "longitude": -64.58300220123137,
        "latitude": -9.69665649576053,
        "mean_index_change": -0.18047383427619934,
        "mean_model_score": 0.7847941517829895,
        "status": "Needs review",
        "note": ""
      }
    },
    {
      "type": "Feature",
      "geometry": {
        "type": "Polygon",
        "coordinates": [
          [
            [
              -64.56646314139768,
              -9.696826371742057
            ],
            [
              -64.56646440065586,
              -9.69709761178253
            ],
            [
              -64.566737782148,
              -9.697096362261233
            ],
            [
              -64.5667440800904,
              -9.698452562218915
            ],
            [
              -64.56592393220976,
              -9.698456310663214
            ],
            [
              -64.56592519125023,
              -9.698727550748202
            ],
            [
              -64.56565180832995,
              -9.698728799829484
            ],
            [
              -64.56565054950906,
              -9.698457559708912
            ],
            [
              -64.56455701833744,
              -9.698462553713023
            ],
            [
              -64.56455450256297,
              -9.697920073174018
            ],
            [
              -64.56428112011703,
              -9.697921321059269
            ],
            [
              -64.56427860492916,
              -9.69737884043138
            ],
            [
              -64.56455198693597,
              -9.69737759261723
            ],
            [
              -64.56455324473103,
              -9.697648832897844
            ],
            [
              -64.56482662692052,
              -9.697647584830293
            ],
            [
              -64.56482788497203,
              -9.697918825070909
            ],
            [
              -64.56510126734422,
              -9.697917576749939
            ],
            [
              -64.56510252565218,
              -9.698188816950545
            ],
            [
              -64.56592267320617,
              -9.698185070573782
            ],
            [
              -64.56592015530973,
              -9.697642590381585
            ],
            [
              -64.56619353731479,
              -9.697641341224788
            ],
            [
              -64.56619227820235,
              -9.697370101157611
            ],
            [
              -64.56564551459444,
              -9.69737259918219
            ],
            [
              -64.565644255958,
              -9.697101359039397
            ],
            [
              -64.56591763756086,
              -9.697100110171613
            ],
            [
              -64.56591637874178,
              -9.696828870059957
            ],
            [
              -64.56646314139768,
              -9.696826371742057
            ]
          ]
        ]
      },
      "properties": {
        "region": 81,
        "area_ha": 2.52,
        "longitude": -64.56579417205509,
        "latitude": -9.69784660035974,
        "mean_index_change": -0.15704098343849182,
        "mean_model_score": 0.8192064166069031,
        "status": "Needs review",
        "note": ""
      }
    },
    {
      "type": "Feature",
      "geometry": {
        "type": "Polygon",
        "coordinates": [
          [
            [
              -64.56373812685537,
              -9.698737537297959
            ],
            [
              -64.56374064153344,
              -9.69928001802357
            ],
            [
              -64.56292049045963,
              -9.699283759597952
            ],
            [
              -64.56291797709915,
              -9.698741278659181
            ],
            [
              -64.56373812685537,
              -9.698737537297959
            ]
          ]
        ]
      },
      "properties": {
        "region": 83,
        "area_ha": 0.54,
        "longitude": -64.56332930900992,
        "latitude": -9.699010648642005,
        "mean_index_change": -0.2003258913755417,
        "mean_model_score": 0.7862641215324402,
        "status": "Needs review",
        "note": ""
      }
    },
    {
      "type": "Feature",
      "geometry": {
        "type": "Polygon",
        "coordinates": [
          [
            [
              -64.58232682649523,
              -9.69838096922829
            ],
            [
              -64.58232809871069,
              -9.698652207166969
            ],
            [
              -64.58205471801573,
              -9.698653469320444
            ],
            [
              -64.5820572621193,
              -9.69919594525636
            ],
            [
              -64.58178388094788,
              -9.699197207263866
            ],
            [
              -64.58178896872396,
              -9.700282159226122
            ],
            [
              -64.58151558663684,
              -9.700283421159519
            ],
            [
              -64.58150922810795,
              -9.698927231015867
            ],
            [
              -64.58178260909705,
              -9.698925969262183
            ],
            [
              -64.58178006550719,
              -9.698383493245467
            ],
            [
              -64.58232682649523,
              -9.69838096922829
            ]
          ]
        ]
      },
      "properties": {
        "region": 82,
        "area_ha": 0.81,
        "longitude": -64.58179913945187,
        "latitude": -9.69921220593568,
        "mean_index_change": -0.24481937289237976,
        "mean_model_score": 0.8341914415359497,
        "status": "Needs review",
        "note": ""
      }
    },
    {
      "type": "Feature",
      "geometry": {
        "type": "Polygon",
        "coordinates": [
          [
            [
              -64.58096246601795,
              -9.698929753869619
            ],
            [
              -64.58096500843932,
              -9.699472230084158
            ],
            [
              -64.58069162689927,
              -9.699473491256072
            ],
            [
              -64.58069289794622,
              -9.699744729392593
            ],
            [
              -64.58014613431514,
              -9.6997472511546
            ],
            [
              -64.58014867564235,
              -9.700289727557955
            ],
            [
              -64.57987529333171,
              -9.700290988183932
            ],
            [
              -64.5798714820556,
              -9.699477273464506
            ],
            [
              -64.58014486370739,
              -9.699476012946247
            ],
            [
              -64.58014359313687,
              -9.699204774733445
            ],
            [
              -64.58069035588954,
              -9.6992022531151
            ],
            [
              -64.58068908491707,
              -9.698931014969684
            ],
            [
              -64.58096246601795,
              -9.698929753869619
            ]
          ]
        ]
      },
      "properties": {
        "region": 84,
        "area_ha": 0.81,
        "longitude": -64.58037303471579,
        "latitude": -9.699550306286827,
        "mean_index_change": -0.2409924417734146,
        "mean_model_score": 0.6909052729606628,
        "status": "Needs review",
        "note": ""
      }
    },
    {
      "type": "Feature",
      "geometry": {
        "type": "Polygon",
        "coordinates": [
          [
            [
              -64.55687975762393,
              -9.693615070769733
            ],
            [
              -64.5568810087576,
              -9.693886312105628
            ],
            [
              -64.55742776901286,
              -9.693883828943191
            ],
            [
              -64.55743027226822,
              -9.694426311460099
            ],
            [
              -64.55770365277976,
              -9.694425069481442
            ],
            [
              -64.557704904682,
              -9.694696310697841
            ],
            [
              -64.55797828537635,
              -9.694695068466002
            ],
            [
              -64.55797953753478,
              -9.694966309642556
            ],
            [
              -64.55825291841191,
              -9.694965067157526
            ],
            [
              -64.55825542327791,
              -9.695507549426493
            ],
            [
              -64.55852880455735,
              -9.695506306652842
            ],
            [
              -64.55853005726495,
              -9.695777547745248
            ],
            [
              -64.5588034387272,
              -9.695776304718372
            ],
            [
              -64.55880594469161,
              -9.69631878681902
            ],
            [
              -64.55907932655619,
              -9.696317543503481
            ],
            [
              -64.55908057981304,
              -9.696588784511714
            ],
            [
              -64.55935396186041,
              -9.696587540942922
            ],
            [
              -64.55935521537354,
              -9.696858781911278
            ],
            [
              -64.55962859760372,
              -9.696857538089217
            ],
            [
              -64.55963235902225,
              -9.69767126086131
            ],
            [
              -64.55990574187435,
              -9.697670016715076
            ],
            [
              -64.55990699597359,
              -9.697941257594778
            ],
            [
              -64.56018037900851,
              -9.697940013195241
            ],
            [
              -64.5601816333641,
              -9.698211254035046
            ],
            [
              -64.56072839976278,
              -9.698208764511472
            ],
            [
              -64.56073216436764,
              -9.699022486791453
            ],
            [
              -64.5610055481706,
              -9.699021241596459
            ],
            [
              -64.56100680333205,
              -9.699292482312092
            ],
            [
              -64.56128018731782,
              -9.699291236863736
            ],
            [
              -64.56128269819027,
              -9.699833718210721
            ],
            [
              -64.56155608257848,
              -9.69983247247351
            ],
            [
              -64.56155733828952,
              -9.70010371310485
            ],
            [
              -64.56183072286055,
              -9.700102467114249
            ],
            [
              -64.56183197882802,
              -9.700373707705657
            ],
            [
              -64.5536304191278,
              -9.70041099369541
            ],
            [
              -64.55362916974924,
              -9.700139752042011
            ],
            [
              -64.55444932654595,
              -9.700136032374582
            ],
            [
              -64.55444807654513,
              -9.699864790822689
            ],
            [
              -64.55417469120246,
              -9.69986603089442
            ],
            [
              -64.55417344145789,
              -9.699594789302763
            ],
            [
              -64.55390005629825,
              -9.699596029121274
            ],
            [
              -64.5538988068099,
              -9.699324787489852
            ],
            [
              -64.55417219174994,
              -9.69932354770666
            ],
            [
              -64.55417094207861,
              -9.699052306106116
            ],
            [
              -64.55389755735817,
              -9.699053545853996
            ],
            [
              -64.55389630794306,
              -9.69878230421369
            ],
            [
              -64.55307615422089,
              -9.6987860220441
            ],
            [
              -64.55307490550116,
              -9.698514780293443
            ],
            [
              -64.55334828989224,
              -9.69851354126982
            ],
            [
              -64.55334704098955,
              -9.698242299550015
            ],
            [
              -64.55362042512442,
              -9.69824106034382
            ],
            [
              -64.55361542900134,
              -9.697156093561407
            ],
            [
              -64.55334204574474,
              -9.69715733262639
            ],
            [
              -64.55334079702506,
              -9.696886090884377
            ],
            [
              -64.55306741395141,
              -9.69688732969622
            ],
            [
              -64.55306616548788,
              -9.696616087914473
            ],
            [
              -64.55333954834197,
              -9.696614849137926
            ],
            [
              -64.55333455397562,
              -9.6955298821077
            ],
            [
              -64.55388131781774,
              -9.695527404183558
            ],
            [
              -64.55388256679346,
              -9.695798645877167
            ],
            [
              -64.55415594887913,
              -9.695797406553071
            ],
            [
              -64.55415469968386,
              -9.695526164894776
            ],
            [
              -64.55470146330627,
              -9.695523685663803
            ],
            [
              -64.55470021370861,
              -9.695252444071716
            ],
            [
              -64.55524697674547,
              -9.695249964040196
            ],
            [
              -64.55524447678201,
              -9.694707480984048
            ],
            [
              -64.55551785780645,
              -9.69470624071228
            ],
            [
              -64.55551535755059,
              -9.69416375770906
            ],
            [
              -64.5557887380994,
              -9.69416251729021
            ],
            [
              -64.55578748780697,
              -9.693891275817291
            ],
            [
              -64.55606086809962,
              -9.693890035216025
            ],
            [
              -64.55605961762437,
              -9.693618793774025
            ],
            [
              -64.55687975762393,
              -9.693615070769733
            ]
          ]
        ]
      },
      "properties": {
        "region": 75,
        "area_ha": 43.92,
        "longitude": -64.55690597538518,
        "latitude": -9.69771922988495,
        "mean_index_change": -0.5164651870727539,
        "mean_model_score": 0.9820451736450195,
        "status": "Needs review",
        "note": ""
      }
    }
  ]
}